state,admin1_pcode,township,admin3_pcode,total_population_2021proj,food_security_pin_2022,food_security_target_2022,conflict_events,battles,explosions_remote_violence,protests_and_riots,strategic_developments,violence_against_civilians,fatalities,conflict_score,flood_count,flood_prob,vul_score_2019,unsafe_water_2019,poor_housing_2019,no_middle_school_2019,no_electricity_2019,no_id_card_2019,female_illiteracy_2019,child_dependency_2019
Ayeyarwady,MMR017,Hinthada,MMR017008,338333.0329836413,102515,13327.061831061234,15,0,6,1,7,1,2,0.01406240563574569,5,0.3333333333333333,0.332222377623582,0.02677015757557577,0.03216663638926688,0.627442637741188,0.684030530254615,0.2682814999111427,0.07678203248262572,0.40576163817687577
Ayeyarwady,MMR017,Zalun,MMR017009,168152.32215033146,50950,6624.480065287993,14,1,5,0,6,2,2,0.00918125103695003,4,0.26666666666666666,0.37102751307231385,0.02166332203523458,0.03588858429451996,0.6998674232380548,0.7679327442332531,0.287629143701719,0.08514913379202084,0.4481743726803673
Ayeyarwady,MMR017,Lemyethna,MMR017010,102992.95991876331,31207,4057.107311638337,2,0,1,0,1,0,0,0.00111735712860333,3,0.2,0.3608372399489565,0.04568696244528764,0.03820337937800069,0.646723793791727,0.8385027594037529,0.3101799107566695,0.08954218072794003,0.4424883855690464
Ayeyarwady,MMR017,Myanaung,MMR017011,218515.143772356,66210,8606.688498081088,24,0,6,2,13,3,2,0.02444222621344768,5,0.3333333333333333,0.35389419442576747,0.03489672254729341,0.03468731716781149,0.6558041828898566,0.7519033774781563,0.2579039396754276,0.07917836948310814,0.3899672196180233
Ayeyarwady,MMR017,Kyangin,MMR017012,96054.05117132452,29104,3784.430973441061,15,0,5,0,9,1,0,0.00844809805679392,2,0.13333333333333333,0.3073897371131664,0.04681012928587929,0.03553074148584432,0.6328075401670167,0.7073936983166887,0.19091052433684672,0.05157151408607242,0.31754650412733865
Ayeyarwady,MMR017,Ingapu,MMR017013,214319.40828568256,64939,8441.9585078309,12,1,0,1,6,4,3,0.01367419723013606,5,0.3333333333333333,0.34259032828864555,0.04859528806416198,0.0377802506642503,0.5755799990393391,0.7881384663141185,0.35676196160798246,0.07409870368259158,0.4170534505998284
Ayeyarwady,MMR017,Labutta,MMR017016,315123.0280291265,95482,12413.303933374356,12,0,5,1,4,2,2,0.01316676782172232,3,0.2,0.4824533970897237,0.4339396845662667,0.4185457369139611,0.7180746871240608,0.892965747986658,0.4059090964993912,0.13770422447690917,0.49451794452826664
Ayeyarwady,MMR017,Mawlamyinegyun,MMR017018,311246.19643100415,94308,12260.01232259513,18,3,7,1,4,3,4,0.017917925173035,2,0.13333333333333333,0.44967336136963415,0.3812308721339207,0.3968165642745529,0.6118970689350931,0.927246427863884,0.313750161833247,0.09805034293324869,0.45523894315439334
Ayeyarwady,MMR017,Maubin,MMR017019,313998.3669801612,95142,12367.604337309436,66,2,17,2,35,10,12,0.05202528675788574,4,0.26666666666666666,0.4112567370320019,0.2844869955741401,0.22405559652484364,0.6953411072033975,0.7668540786797804,0.3307786245014155,0.09827852948226372,0.4598714055593703
Ayeyarwady,MMR017,Pantanaw,MMR017020,264516.27992181526,80148,10418.703742303838,8,0,1,1,5,1,0,0.00951572965892716,4,0.26666666666666666,0.4229499296761251,0.15231244857070228,0.2019170667935496,0.705074412514256,0.826101502917433,0.3655893821235753,0.12705848115583082,0.430768616729999
Ayeyarwady,MMR017,Nyaungdon,MMR017021,215840.9497225939,65400,8502.024990500482,19,0,7,1,7,4,1,0.01790473818238641,4,0.26666666666666666,0.3905096504139427,0.2366034153418552,0.181222333797105,0.6980722399141703,0.8026339314966,0.2576314317992492,0.11927303510092252,0.4245076655699419
Ayeyarwady,MMR017,Danubyu,MMR017022,179298.96276896607,54328,7063.413880781774,8,0,4,1,2,1,1,0.01036805138724012,4,0.26666666666666666,0.3433149530608869,0.10367343541575984,0.2029915602884914,0.6377574189981637,0.7946478452302761,0.25616816784204066,0.0779073003680972,0.39945632166066886
Ayeyarwady,MMR017,Myaungmya,MMR017014,298547.0237154422,90460,11760.23274045477,23,0,5,3,13,2,0,0.0279205908202109,2,0.13333333333333333,0.42595696176022824,0.2503933133322077,0.2813963509548887,0.6661594354516577,0.7533095551989677,0.3352283612797895,0.11733776303517245,0.4405864644632479
Ayeyarwady,MMR017,Einme,MMR017015,194042.51934686952,58795,7642.66517759526,5,0,0,1,4,0,0,0.00729678884934477,2,0.13333333333333333,0.4414566092905124,0.2353593923487381,0.2557343512187388,0.7391350701713577,0.8296672984142174,0.2941225644653077,0.13700048375288285,0.44709472341018414
Ayeyarwady,MMR017,Wakema,MMR017017,289018.8953086076,87573,11383.545731921822,17,1,2,1,12,1,1,0.01408420229380322,2,0.13333333333333333,0.4666437460672581,0.30516321685446984,0.2594586862042911,0.7249802539058737,0.8120854568032068,0.3238905156390828,0.13026661350351393,0.44003962250333417
Ayeyarwady,MMR017,Pathein,MMR017001,380870.2131022873,115404,15001.522321111168,117,7,18,15,60,17,33,0.14968899066781843,4,0.26666666666666666,0.2791676860621652,0.13699236670542594,0.1372440127553033,0.5287105995812211,0.5642243442452037,0.20688756199528224,0.0804758024184659,0.37239107167579105
Ayeyarwady,MMR017,Kangyidaunt,MMR017002,177936.37342697513,53915,7009.08625177284,24,2,8,0,11,3,5,0.01560597976061413,4,0.26666666666666666,0.3930084650772277,0.19059246025670337,0.16388816732394534,0.7156884671501752,0.8428900656399787,0.2765232449341545,0.1097327064292448,0.46023613465429514
Ayeyarwady,MMR017,Thabaung,MMR017003,154353.48085355895,46769,6080.016389222492,3,0,1,0,0,2,2,0.00316027919076242,4,0.26666666666666666,0.40742150701497776,0.206114250619267,0.1507482543973202,0.7189534440109775,0.848408603055386,0.32175200774619817,0.10964852268918115,0.48445032901917406
Ayeyarwady,MMR017,Ngapudaw,MMR017004,324381.2377842096,98288,12776.623054800892,20,2,3,0,13,2,5,0.01199713571901525,3,0.2,0.3930104623315064,0.28370912605132265,0.17396233571110725,0.6271945314725149,0.8438507479903528,0.3164473353856613,0.099843126215971,0.4735313875128307
Ayeyarwady,MMR017,Kyonpyaw,MMR017005,235655.97785729857,71404,9281.51105795806,26,1,11,0,13,1,6,0.01578311607759153,3,0.2,0.36566927502607344,0.01874326430447297,0.13839928689395256,0.6835944396257263,0.8150625327426968,0.32304616141577724,0.1231551578742208,0.45428391015584224
Ayeyarwady,MMR017,Yegyi,MMR017006,194041.51964815924,58795,7642.704552480257,29,1,11,0,14,3,3,0.01800668529764844,5,0.3333333333333333,0.33672729945028873,0.0998215062427578,0.13802995301160517,0.64767333141542,0.7776920189368948,0.2532403414701214,0.09182509167470763,0.417844353229467
Ayeyarwady,MMR017,Kyaunggon,MMR017007,162985.87921606208,49385,6419.986217708902,12,0,6,0,6,0,0,0.00670414277161999,4,0.26666666666666666,0.3707406859888024,0.05527882557192969,0.13620529886586585,0.6956147989371916,0.8357287682036321,0.29007513029352705,0.11242949151618135,0.4327821621737588
Ayeyarwady,MMR017,Pyapon,MMR017023,314027.3582427568,95150,12370.46237610024,33,0,16,2,10,5,5,0.03251937680494578,4,0.26666666666666666,0.42445497091461265,0.44420456465418307,0.41069337833039377,0.6542413683877099,0.7742410987482773,0.34775008618417047,0.09855681192085285,0.4716985684362131
Ayeyarwady,MMR017,Bogale,MMR017024,322567.78432392236,97738,12706.054975718567,26,3,9,0,12,2,3,0.01601374529021306,3,0.2,0.4576107345939673,0.40957971522053177,0.41314620358725446,0.6725204147169466,0.8359975684482427,0.40433864663806574,0.11044919708582523,0.47054263805550617
Ayeyarwady,MMR017,Kyaiklat,MMR017025,193281.7486284138,58564,7612.631939322028,19,0,7,0,10,2,2,0.01162415069518061,2,0.13333333333333333,0.4271656758476888,0.3548352938786187,0.3796510040917773,0.7462740785830699,0.8318995225757112,0.2311488699374169,0.06294042826201746,0.44566845877008193
Ayeyarwady,MMR017,Dedaye,MMR017026,202864.86046430896,61468,7991.1531492459535,4,0,2,1,1,0,0,0.00733184219055369,3,0.2,0.4284862279261782,0.3877575381765499,0.410317242152091,0.715095870677158,0.8540585654911326,0.29523011107960495,0.07002017754216591,0.4387821282580456
Bago (East),MMR111,Bago,MMR007001,498305.6738756886,117102,17564.725000187475,72,0,20,11,26,15,122,0.11947905205539353,4,0.26666666666666666,0.24504299582973071,0.10519272806220512,0.13889728740062066,0.5615115557115256,0.3671030749802354,0.3102360483572495,0.10526171773755298,0.3721415543884566
Bago (East),MMR111,Thanatpin,MMR007002,147318.53400533367,34620,3462.014450934979,NA,NA,NA,NA,NA,NA,NA,0,3,0.2,0.37117858365036616,0.3899943208206743,0.17321146961054878,0.6699020943658609,0.6735915990165494,0.43062478265909354,0.12370964765032014,0.5083947550798823
Bago (East),MMR111,Kawa,MMR007003,200122.7076537796,47029,7053.674570218364,11,2,5,0,3,1,2,0.00743154977174749,3,0.2,0.3528055382519127,0.33229020707493356,0.1797648654985334,0.7100660784236141,0.7054440100104838,0.3436512663800695,0.08030275373792699,0.4709251248897402
Bago (East),MMR111,Waw,MMR007004,178475.18666098692,41942,4193.833120107248,13,0,6,0,3,4,6,0.01062974159613914,4,0.26666666666666666,0.34276342434283025,0.3232867780373005,0.1717261044140728,0.6393209111648968,0.6687457615495815,0.3389966868284977,0.10526171773755298,0.4947694350107397
Bago (East),MMR111,Nyaunglebin,MMR007005,202272.3514078065,47534,4752.599775620112,25,5,10,2,6,2,16,0.02828702004236639,5,0.3333333333333333,0.2734077676507009,0.05422720553196898,0.17478392610223345,0.6154247596997788,0.5677005692252453,0.31217549728583593,0.06185482382516007,0.4010953595353845
Bago (East),MMR111,Kyauktaga,MMR007006,254724.6729889659,59860,8978.955277361709,14,0,2,3,6,3,5,0.02460959159108305,3,0.2,0.3068673942708417,0.08016551087970625,0.18449192964097533,0.661705846797249,0.5780660060062092,0.3670136969629356,0.1313058540849888,0.4521903097946692
Bago (East),MMR111,Daik-U,MMR007007,205361.95731276876,48260,7238.99100473608,13,0,5,1,5,2,5,0.01402623033002264,3,0.2,0.2905450022492762,0.09015108995993372,0.17531533446008316,0.6264761850120006,0.5794937540067662,0.33434279627427665,0.09875068365069402,0.4198301746304555
Bago (East),MMR111,Shwegyin,MMR007008,108964.63070530172,25607,2561.331221257637,5,0,1,0,3,1,11,0.00463708303468432,5,0.3333333333333333,0.3193609668635319,0.13874994936953114,0.1778934982381843,0.6431021712860094,0.6017544530362023,0.4277509178814206,0.08789896017259577,0.4777377849243115
Bago (East),MMR111,Taungoo,MMR007009,265720.30358739407,62444,6243.572894913285,30,7,7,3,9,4,15,0.03693656950899696,3,0.2,0.2359559594397256,0.03906733476450985,0.03304450501010696,0.5293971136603,0.3582528185559116,0.24141681773811183,0.11792986464768324,0.3615344326706784
Bago (East),MMR111,Yedashe,MMR007010,216579.6501669196,50896,5090.3782491838365,12,2,1,0,3,6,16,0.01218757657883127,2,0.13333333333333333,0.3134015280122679,0.06106162156029229,0.04439447471203644,0.6379279536845115,0.5122215253208349,0.33796128003377146,0.14290324774954563,0.40715663488864495
Bago (East),MMR111,Kyaukkyi,MMR007011,114913.6683962809,28928,8000,31,14,8,0,6,3,54,0.03342130866360345,5,0.3333333333333333,0.3685518163554711,0.05102194670660365,0.04519088016472895,0.7160677049087938,0.6421500909554386,0.43142622818264775,0.1540025291281511,0.5319720937868554
Bago (East),MMR111,Phyu,MMR007012,260870.42336309663,61305,6129.545084729588,15,2,5,2,4,2,8,0.02088624651922079,3,0.2,0.31463430396427305,0.02498438712890414,0.03922543604801333,0.6020716215091513,0.5317130739281203,0.3141406830718674,0.17065145119605934,0.4355629117413411
Bago (East),MMR111,Oktwin,MMR007013,162062.85939557207,38085,3807.522863995888,2,0,0,0,1,1,1,0.00168135930587886,3,0.2,0.32966728379566035,0.03675984357900581,0.03915682890104031,0.689250039446056,0.594768607303033,0.2972376991289336,0.17620109188536212,0.4269549490587059
Bago (East),MMR111,Htantabin,MMR007014,118915.85891380176,27945,2795.477397053038,13,5,2,0,2,4,17,0.01260598000769137,2,0.13333333333333333,0.3407627501473253,0.02871025357496364,0.0436509981636888,0.7071449028758192,0.5829117622363613,0.34755340623279607,0.14012842740489423,0.4605260035209832
Bago (West),MMR111,Pyay,MMR008001,255161.6996200912,59963,5995.700073931217,71,1,20,4,34,12,27,0.0683208896660775,4,0.26666666666666666,0.2382929627678082,0.0642396311271113,0.0939578294039292,0.5439271714128358,0.34533216855116583,0.21448088680124644,0.08672026581372567,0.3041886779856073
Bago (West),MMR111,Paukkhaung,MMR008002,126601.8493173508,29751,2974.856547959728,1,0,0,0,1,0,0,4.399321831995495e-4,1,0.06666666666666667,0.40789987153105967,0.1356422174246016,0.13871622613967405,0.7788846778559827,0.7501971850703765,0.2777142965068513,0.17536764864553395,0.3559214463505065
Bago (West),MMR111,Padaung,MMR008003,146230.53035058329,34364,3435.5825874756074,14,0,5,0,9,0,0,0.00734651437581486,4,0.26666666666666666,0.3114562962028048,0.16755155947161207,0.11847551380653264,0.619645960876352,0.5229340439527469,0.19502445524122125,0.12526260617538132,0.3372976497391428
Bago (West),MMR111,Paungde,MMR008004,139484.50209796958,32779,3278.114204676438,39,5,13,0,11,10,21,0.03095672221781613,1,0.06666666666666667,0.35199049574037966,0.14718858246562638,0.10990379274225671,0.740680338202806,0.6421027553095418,0.25889106810663387,0.13297107424771248,0.3176391977604811
Bago (West),MMR111,Thegon,MMR008005,132788.15900759524,31205,3121.478336622012,13,1,2,0,7,3,11,0.0099490830402196,1,0.06666666666666667,0.32226916557613156,0.0914307171639435,0.1068127459581726,0.6969898961549257,0.6157793095354348,0.21270170967770088,0.05781351054248378,0.29384212431262746
Bago (West),MMR111,Shwedaung,MMR008006,123372.31377179622,28992,2898.750647812207,7,1,1,0,3,2,2,0.00515175470573624,6,0.4,0.3129775993332491,0.09535371012122668,0.11450220452640106,0.6692674633985436,0.6175246113992872,0.2420373081823195,0.07323044668714612,0.3186738531277791
Bago (West),MMR111,Thayarwady,MMR008007,153216.87255117073,36006,3601.403540264511,20,0,5,0,15,0,0,0.00998610747501215,3,0.2,0.3183562698972627,0.04447885347518036,0.05569829267755733,0.6907388833166166,0.5702548858331026,0.3400180096862908,0.12292686654341224,0.4129094872275942
Bago (West),MMR111,Letpadan,MMR008008,179887.66484464705,42274,4226.639906829322,6,0,1,0,4,1,1,0.0036785808008813,3,0.2,0.33254492063042407,0.04915209695977472,0.0571907379166437,0.6685505112304788,0.6570782622338573,0.3734309841897509,0.12670923166782494,0.4315509990663118
Bago (West),MMR111,Minhla,MMR008009,124203.77975212738,29188,2919.2111911036827,9,2,2,0,5,0,6,0.0057369293877572,2,0.13333333333333333,0.3005207317422802,0.06201913410186444,0.0550458550779728,0.6769030468562047,0.619776416994908,0.27436304007406165,0.06997375480163479,0.36910193440660793
Bago (West),MMR111,Okpho,MMR008010,128433.10243988504,30182,3017.822103149499,8,1,2,1,3,1,1,0.01012481264500728,6,0.4,0.3061161547608446,0.05866090084171139,0.05614179133214117,0.693756786102063,0.6086437213044928,0.3181612062124476,0.10212385835914266,0.3569849517114414
Bago (West),MMR111,Zigon,MMR008011,68467.1675486599,16090,1609.021562895462,4,0,3,0,1,0,2,0.00275189390281141,2,0.13333333333333333,0.26538294067636736,0.07409268461225142,0.04843518648462033,0.6037292785566484,0.5456288764046519,0.2853085329315391,0.08132085017487287,0.3019924917872247
Bago (West),MMR111,Nattalin,MMR008012,174548.03087827645,41019,4102.121277946048,31,9,6,0,7,9,47,0.02967608053191977,3,0.2,0.30267323453286565,0.05554372485481883,0.05104353850295201,0.6939364148983529,0.6415761183612443,0.32533268353436484,0.06808257223942844,0.2964000382356094
Bago (West),MMR111,Monyo,MMR008013,129353.79891566635,30398,3040.1857368292294,7,1,1,1,3,1,2,0.00958723114130375,7,0.4666666666666667,0.3611722939892201,0.05405368868679615,0.06421863281147282,0.7138121695251899,0.6982707043927711,0.35176306251887646,0.08510321529928555,0.3737623123662874
Bago (West),MMR111,Gyobingauk,MMR008014,119075.0542295481,27983,2797.7362504699418,14,3,5,1,2,3,10,0.01652227156602988,3,0.2,0.2831336495410513,0.0567161917268493,0.05043364725493091,0.6501302618949678,0.602768858577061,0.28539417194641925,0.06051784199060305,0.2982641894194812
Chin,MMR004,Falam,MMR004001,51831.49727101556,30827,7707.251138876627,103,34,17,1,43,8,275,0.11569191193271572,1,0.06666666666666667,0.48130010084791613,0.3868990551954017,0.4233887896485025,0.5150388173492633,0.6748146542757723,0.2179912615452685,0.17646083169664328,0.6587728954066949
Chin,MMR004,Tedim,MMR004004,94465.77959061916,52712,13178.02374715142,58,27,8,0,12,11,130,0.0591309857385577,2,0.13333333333333333,0.5456907562806254,0.35687828868187016,0.4593973914212656,0.579601167851044,0.8262162994910702,0.2659488941784762,0.2183821038777848,0.7555199843767557
Chin,MMR004,Tonzang,MMR004005,34367.46198817385,19177,5000,3,2,0,0,1,0,12,0.00346141141435298,2,0.13333333333333333,0.6557797443164318,0.8996095327807597,0.5627832481130962,0.5788547664747281,0.8904540766697301,0.29921365985171877,0.21651501055390351,0.830357108867804
Chin,MMR004,Hakha,MMR004002,52127.97296104466,29200,20000,88,33,11,7,31,6,160,0.11563150983480652,1,0.06666666666666667,0.31919180890654353,0.02330103560169892,0.02578510609999305,0.5236579303126772,0.5391464596467138,0.20672531980352993,0.16664505269297772,0.5322698267497814
Chin,MMR004,Thantlang,MMR004003,54307.87785282231,30920,7730.014039556785,62,22,9,0,27,4,115,0.08377225859684494,1,0.06666666666666667,0.4328827868986247,0.03167577236868462,0.02929141185068887,0.5880832602575345,0.4937826335641818,0.2159013022618231,0.2163372059433269,0.6669713609599113
Chin,MMR004,Matupi,MMR004007,55361.17512248934,30892,7723.116072157207,113,51,19,1,34,8,286,0.13148477262989314,1,0.06666666666666667,0.4247867733633192,0.02360617663764269,0.06858646697572715,0.6282473954899117,0.6467567247686764,0.19779723991507425,0.2103127874514494,0.7646497976515056
Chin,MMR004,Paletwa,MMR004009,104632.20052507172,62734,40000,27,7,6,1,12,1,19,0.04200357979070341,4,0.26666666666666666,0.4928720857590123,0.12566415354907937,0.09360490508574944,0.7491525423728813,0.7099587016018449,0.3439212488017055,0.3162969159159241,0.7771623127337676
Chin,MMR004,Mindat,MMR004006,45926.77961905409,27757,20000,164,92,20,1,42,9,415,0.1976579611705654,1,0.06666666666666667,0.46266948030711663,0.06689453585533402,0.07756121482724783,0.6739495798319328,0.7177705616004809,0.1946911586596689,0.2857828161995365,0.8574254849203092
Chin,MMR004,Kanpetlet,MMR004008,23171.461839256557,13461,5000,59,39,3,0,13,4,127,0.06083479711752324,1,0.06666666666666667,0.4481174775575545,0.07953060901353441,0.09568762886916445,0.6542707728065078,0.6580363204605866,0.23715174465783065,0.28102044856893676,0.8836507535217059
Kachin,MMR001,Bhamo,MMR001010,154328.6819752977,47502,11875.51480958475,64,10,20,1,26,7,19,0.06832243790570439,6,0.4,0.2807805061531813,0.04022147332066859,0.04755727631783994,0.5193164390564522,0.38127374752874954,0.22483816698972311,0.06620037751371627,0.3967157850125672
Kachin,MMR001,Shwegu,MMR001011,107655.37796938862,30515,7629.27225272046,77,46,14,1,9,7,155,0.08507747707126265,6,0.4,0.37081574490541486,0.05778900153689966,0.06308941616088756,0.639752506746824,0.5077772107083504,0.2892443993755587,0.03452281983214814,0.4330161577393416
Kachin,MMR001,Momauk,MMR001012,71457.52921976405,37244,9310.76634196921,209,106,78,0,14,11,140,0.2291755160668748,2,0.13333333333333333,0.3840873408970737,0.04871678649074933,0.04720419766181463,0.6372672767434522,0.4650984777202063,0.20984766702650837,0.19613532594955127,0.4332402493147044
Kachin,MMR001,Mansi,MMR001013,60134.76943987677,26268,6567.154605327822,50,30,19,0,1,0,8,0.07390758140884945,1,0.06666666666666667,0.33065351882260985,0.06747959004037903,0.04857905160948531,0.6566520357196912,0.4846456612968896,0.27240374510365917,0.1238274080620326,0.43017541177709784
Kachin,MMR001,Mohnyin,MMR001007,237713.2149515665,62570,15642.46040479048,101,28,30,8,20,15,193,0.13672683849334163,1,0.06666666666666667,0.3075425528186466,0.02883977363227256,0.0447369257027732,0.5502836661938897,0.2989804704034541,0.22269730981649735,0.0535306215546413,0.5087507631650715
Kachin,MMR001,Mogaung,MMR001008,150615.76175055586,40665,10166.563581145812,40,13,7,6,9,5,14,0.0626221477573314,2,0.13333333333333333,0.301497777349242,0.03730766098383527,0.0478693354769359,0.5388403543277074,0.24147018855365449,0.2559158215493025,0.07604816125663826,0.54622764323456
Kachin,MMR001,Hpakant,MMR001009,376752.9342027131,101926,25481.447300020223,242,93,84,11,30,24,194,0.2580445911629891,3,0.2,0.2239558657281753,0.05877423971351944,0.04452161607369069,0.4406333503894479,0.3646564467079397,0.17506645326414205,0.06781987345998798,0.2851098796580345
Kachin,MMR001,Myitkyina,MMR001001,360733.65404065774,103166,25791.498650643873,132,17,39,20,37,19,24,0.22731315136048896,5,0.3333333333333333,0.2454005388066109,0.05325934509269014,0.07312582299030257,0.39756127317207857,0.29960769653227354,0.21621474907037977,0.11226697038312176,0.4092641283461526
Kachin,MMR001,Waingmaw,MMR001002,142592.4921061458,57138,14284.40725014808,100,40,37,2,14,7,11,0.14864631841816503,3,0.2,0.45562904229778944,0.12259032770628192,0.1000852384887821,0.6075780622447061,0.5375511365532238,0.2886722376973073,0.31711867045946257,0.5166461683020851
Kachin,MMR001,Injangyang,MMR001003,1967.200314852518,933,232.7217121528395,11,9,1,0,1,0,0,0.00716246781697992,NA,0,0.650097726033649,0.2097092709926868,0.1607108510659266,0.6271820448877805,0.5097311633782637,0.24357034795763988,0.34712050769594377,0.506455836226242
Kachin,MMR001,Tanai,MMR001004,68169.3970537721,18789,4696.98799300862,71,38,18,0,12,3,56,0.05764507428940019,3,0.2,0.413254641199548,0.07142182062584998,0.10985174636884372,0.5346921968293186,0.5104019600901252,0.2669250203399991,0.2799902984988918,0.4439054866676254
Kachin,MMR001,Chipwi,MMR001005,22760.235051575983,7969,1991.5492061604696,5,0,0,0,5,0,0,0.00998951743166176,NA,0,0.6189743872910984,0.3179410493229043,0.09750847203425268,0.7189814213329868,0.404158764356353,0.41715346024328226,0.6759831967779426,0.6725613482266164
Kachin,MMR001,Tsawlaw,MMR001006,7403.124510513114,1940,0,3,3,0,0,0,0,6,0.00285409754632707,2,0.13333333333333333,0.7152580035787304,0.3369135140627887,0.13919857711283348,0.7635215159889459,0.5239248491206763,0.3180628272251309,0.46934229044318027,0.7527486127140708
Kachin,MMR001,Puta-O,MMR001014,69368.79863141889,18542,4636.462735824779,70,32,7,0,24,7,66,0.05789476491349758,NA,0,0.41882665354713666,0.10368437564564244,0.124633778446037,0.5401003444660776,0.6891434047933861,0.22570720262074465,0.21952406465492008,0.6215289264418228
Kachin,MMR001,Sumprabum,MMR001015,2891.7390309552607,1646,410.6379127492752,23,18,0,0,3,2,22,0.02200451260873998,NA,0,0.3746997354912881,0.17813635264895686,0.12870699272909183,0.6032285471537808,0.5684598581617635,0.2187171398527865,0.4062851075002179,0.5837442581587045
Kachin,MMR001,Machanbaw,MMR001016,10060.889370071363,2636,659.011746469699,2,1,0,0,1,0,0,0.00111161114857472,NA,0,0.4229119409644553,0.09411738311433568,0.134288383057216,0.5571220223626641,0.626987768357466,0.12533043072617012,0.2210343492829634,0.6450839473650107
Kachin,MMR001,Nawngmun,MMR001017,8090.28166437326,2120,0,6,0,0,0,5,1,0,0.0033012445969768,1,0.06666666666666667,0.4063848220842683,0.18342708873813457,0.14074579357691988,0.4709302325581395,0.6464554019633003,0.08046647230320703,0.2036521421625152,0.6643360579067146
Kachin,MMR001,Khaunglanhpu,MMR001018,13237.713435107447,3468,866.9297756888743,1,0,0,0,0,1,0,0.00110158368097906,NA,0,0.4776212486222304,0.24657035651013084,0.1431423446921279,0.5684670977558006,0.6937535197828462,0.16852749104697706,0.2771339676476289,0.4719594671870284
Kayah,MMR002,Bawlake,MMR002005,12712.895004683189,4844,1000,29,16,3,0,7,3,51,0.02666787638179214,1,0.06666666666666667,0.323149895937572,0.15307950524702887,0.17278216534877863,0.5834561532792926,0.18873610329045087,0.04504099741660117,0.24213183178351508,0.4635498044965317
Kayah,MMR002,Hpasawng,MMR002006,29590.199595294787,11348,8000,4,4,0,0,0,0,0,0.00303051239768301,2,0.13333333333333333,0.3441611432201558,0.18685935840477272,0.1586263924806668,0.5668800830593528,0.2564474304023986,0.16875252321356482,0.15834675960043162,0.5405079396904308
Kayah,MMR002,Mese,MMR002007,7305.63691656903,2982,900,NA,NA,NA,NA,NA,NA,NA,0,NA,0,0.42623843860192256,0.11689193719751129,0.19695904898461805,0.5450967530337816,0.2897512699001765,0.09498133554541675,0.13921259890726756,0.5894917140875537
Kayah,MMR002,Loikaw,MMR002001,148449.29351548982,69687,25000,212,80,44,11,49,28,264,0.3029087131602485,1,0.06666666666666667,0.248762249332815,0.0809387624599657,0.10203576170518644,0.5001344830314058,0.0973400771300821,0.07497398441028058,0.16408697413945111,0.4562479820858721
Kayah,MMR002,Demoso,MMR002002,91567.29695033768,67077,25000,302,160,66,1,47,28,740,0.4732281863681852,2,0.13333333333333333,0.3748184898526058,0.12734201159661312,0.1073878738375046,0.6365310417397405,0.18371313679191528,0.08991974812203762,0.23577373752774777,0.6177190807677992
Kayah,MMR002,Hpruso,MMR002003,33960.40177042233,17007,4000,64,39,14,0,6,5,185,0.1034272822745438,NA,0,0.45996658608781704,0.15119268500309588,0.11939141919017753,0.7252834377229842,0.2379208018867978,0.09013096351730598,0.3183993973334227,0.6480872364228496
Kayah,MMR002,Shadaw,MMR002004,7794.683350452351,2970,500,8,8,0,0,0,0,32,0.01028676244104207,NA,0,0.4577336397655837,0.22060476891373257,0.1917768612546148,0.8277282086479067,0.22920720479694864,0.04300218992633875,0.5623991026866276,0.6065362583234516
Kayin,MMR003,Hpa-An,MMR003001,437422.79044545017,134831,15000,102,25,28,6,30,13,88,0.11189258343553786,8,0.5333333333333333,0.38415741483481114,0.11790898904269412,0.1452437815961223,0.6633928107446723,0.36945752710198193,0.3642844690748608,0.24798727964077172,0.5396146607345077
Kayin,MMR003,Hlaingbwe,MMR003002,275878.0378153535,90664,15000,13,1,6,0,4,2,9,0.03469387648617323,8,0.5333333333333333,0.517888081476717,0.17770041286981367,0.1751159033191275,0.8394893753251431,0.5470203028395035,0.47505284025847594,0.4995741765079365,0.6320093946104393
Kayin,MMR003,Thandaunggyi,MMR003004,99662.77380742782,32704,7000,35,16,10,0,5,4,42,0.05163393013063688,1,0.06666666666666667,0.4220700227800665,0.25689187482688214,0.1440729015848217,0.5928771946519484,0.48599699987617334,0.2355269251820976,0.09004103832280487,0.5806558482243216
Kayin,MMR003,Hpapun,MMR003003,36403.91058003586,36403.91058003586,44320.23954264364,194,81,71,0,34,8,352,0.3263878572334436,3,0.2,0.4490780934716818,0.15929322902616672,0.1592932290261667,0.6380647228452418,0.726,0.40357622816186345,0.20400000000000007,0.584
Kayin,MMR003,Kawkareik,MMR003006,228625.06669591743,70417,5000,116,56,28,3,22,7,196,0.13931885438029165,7,0.4666666666666667,0.43002308253263455,0.0878059844054973,0.1143284481521675,0.7252695521496275,0.7835246184178178,0.3914297851251371,0.3215026744846894,0.5184506186074725
Kayin,MMR003,Kyainseikgyi,MMR003007,264429.2491780408,81444,5000,69,26,20,2,9,12,43,0.06585092828154966,8,0.5333333333333333,0.4874085430017558,0.14020656512931018,0.11727528932729098,0.7463008446654287,0.7825464158328311,0.4694165710637105,0.3653157465742245,0.5287979854533165
Kayin,MMR003,Myawaddy,MMR003005,218454.5912361622,67353,5000,193,84,48,8,41,12,406,0.25542848822848513,6,0.4,0.32967398771265777,0.04677838092990316,0.04677838092990316,0.6052453893047303,0.29200000000000004,0.39085781476786274,0.264,0.422
Magway,MMR009,Gangaw,MMR009023,132523.7540308305,32767,3277.25118460458,216,60,47,4,77,28,620,0.3501467986293922,1,0.06666666666666667,0.31918813964281234,0.09016854265041108,0.145989605400886,0.6340908797271283,0.5146391942288371,0.15838646550091529,0.06119071688704877,0.3741230386914436
Magway,MMR009,Tilin,MMR009024,48583.26092104402,10202,1019.7515811746896,60,32,8,1,14,5,197,0.0716663135564221,1,0.06666666666666667,0.4376444920286935,0.11993782964121344,0.1678995328871494,0.7273907536415453,0.5747745481812033,0.07578344837538176,0.04888845678812042,0.3352753367487918
Magway,MMR009,Saw,MMR009025,68299.51859151479,18217,1822.2941570614,120,55,22,0,36,7,339,0.13269973826385772,2,0.13333333333333333,0.3860166928332879,0.30317629646219785,0.16074845900000226,0.6674622674622674,0.5790789631839016,0.07790321744091555,0.09480681926623476,0.34653226417540206
Magway,MMR009,Magway,MMR009001,287573.41447282815,60390,6038.958296358604,78,3,21,9,33,12,29,0.09786672782516546,7,0.4666666666666667,0.30598559417118354,0.10505009406803612,0.11920928173280362,0.590452764872005,0.5267752299048001,0.19493990724271493,0.10609388638842757,0.38800971445864746
Magway,MMR009,Yenangyaung,MMR009002,133450.36147114506,28025,2801.542483822312,13,0,4,1,6,2,2,0.01336920724271764,7,0.4666666666666667,0.3317546574733016,0.1258358944199383,0.11587439390891936,0.6044951966648541,0.5665802426038716,0.21116697300609075,0.12679222401135098,0.4300683704638078
Magway,MMR009,Chauk,MMR009003,184117.4949189052,38665,3865.532663203272,11,0,2,1,5,3,2,0.01267600884968959,6,0.4,0.32420039241448917,0.15881850197577344,0.12002628575724614,0.5966438088866588,0.5930572231290462,0.2210886562589293,0.11625596016179408,0.4123916212403358
Magway,MMR009,Taungdwingyi,MMR009004,258356.4478971576,54255,5424.514637587847,99,3,16,3,47,30,23,0.0864057385710824,3,0.2,0.39429391872225794,0.08204985147918138,0.13854828130389507,0.6531438480617371,0.6693222490611399,0.18903833409559723,0.0994070513832388,0.4264917791980338
Magway,MMR009,Myothit,MMR009005,158588.06803864965,33303,3329.6506078513253,27,1,7,0,8,11,7,0.02202943563146954,2,0.13333333333333333,0.4507019847720331,0.14675273323747887,0.1387063201273671,0.7241646511846338,0.826414743295053,0.18115879457732495,0.1874144783303088,0.5050829799711901
Magway,MMR009,Natmauk,MMR009006,205798.31943708163,43218,4322.2353046313865,38,4,6,0,16,12,11,0.03224041028839268,2,0.13333333333333333,0.46871182760055186,0.15465134376054435,0.1113041338206002,0.7815071255137148,0.8087895080046307,0.19677480825115523,0.18984327986839397,0.47479540693188216
Magway,MMR009,Minbu,MMR009007,187093.17739622455,39290,3929.043275155924,22,1,8,1,12,0,1,0.01784649523187072,7,0.4666666666666667,0.289647150377049,0.03976645143921482,0.0376223342295447,0.6221381214431945,0.44621939968151497,0.2329546541815236,0.10715891918814376,0.33328851620360467
Magway,MMR009,Pwintbyu,MMR009008,162744.87673817252,34176,3418.3576259129213,53,2,21,3,20,7,14,0.05064799974851755,5,0.3333333333333333,0.3413306979389501,0.02757590485614098,0.04321475350834834,0.7073967070852442,0.5141179999290013,0.2594987814002415,0.12632405106744715,0.3448113591588416
Magway,MMR009,Ngape,MMR009009,51840.30595802967,10886,1089.353689716822,17,2,7,2,5,1,28,0.02437631374625398,1,0.06666666666666667,0.34429600098351504,0.05820601975349216,0.04382447226554481,0.7439353099730458,0.5742329248419366,0.15030697002527993,0.12491717686558124,0.3979167565518947
Magway,MMR009,Salin,MMR009010,234667.31111563844,49280,4927.986466608758,23,1,7,1,8,6,24,0.02443591585202517,5,0.3333333333333333,0.37378887179176135,0.04048318745062561,0.04288907848851173,0.7317038446840556,0.5813895220209431,0.2917001839393769,0.07496024520479334,0.34623418648294463
Magway,MMR009,Sidoktaya,MMR009011,47251.014172093855,9923,991.728776561706,12,3,2,0,6,1,13,0.00892902830921279,2,0.13333333333333333,0.3671818987480416,0.09291735773448875,0.05137257847564503,0.6903328875018576,0.598218786905642,0.1548387096774193,0.07800700057770546,0.371238273410057
Magway,MMR009,Pakokku,MMR009018,288460.2533534726,60577,6058.334698067766,145,21,46,9,34,35,167,0.1719673246373667,6,0.4,0.2626635549215809,0.05327603678768317,0.06770678844612654,0.6102046443599918,0.28047243644684633,0.18298585411694268,0.11821421833738116,0.3576328935120635
Magway,MMR009,Yesagyo,MMR009019,214105.97155217687,44962,4495.77460870406,280,47,94,2,104,33,233,0.22100970691490415,6,0.4,0.36063362313684777,0.05926735672009727,0.07045416559248373,0.7252438109527382,0.5001286959567094,0.21983809561523104,0.09309719694076792,0.3810040278330895
Magway,MMR009,Myaing,MMR009020,224464.6871322603,47138,4714.241582602502,178,38,58,2,55,25,318,0.17209464431190277,2,0.13333333333333333,0.375729025209975,0.08997703644711222,0.06373618813581985,0.8354100756333223,0.6068168122706193,0.2563426706613623,0.17296023228769714,0.4060918989460569
Magway,MMR009,Pauk,MMR009021,170521.6185816712,35810,3581.04601037606,209,45,37,0,91,36,438,0.2042000297989655,2,0.13333333333333333,0.38562139701588194,0.09970321658395154,0.08501051412911487,0.812523609537142,0.601946334926447,0.2274559008044874,0.1322593484191376,0.460268604423532
Magway,MMR009,Seikphyu,MMR009022,102174.37771855226,21457,2146.3381211759756,15,1,4,0,4,6,14,0.01370841774946648,5,0.3333333333333333,0.3507818959755354,0.06301540161796557,0.08100138195456882,0.6811992572905669,0.5679315320607822,0.21549433134219187,0.11310081699380813,0.4258813160714227
Magway,MMR009,Thayet,MMR009012,103743.24739753985,21786,2179.391875114487,11,2,3,0,4,2,5,0.00803774607021931,5,0.3333333333333333,0.3652917351073108,0.2175918219426563,0.15608483218389613,0.7058605111702456,0.6189890015382761,0.13807653135457587,0.12587405827204726,0.3347744353524817
Magway,MMR009,Minhla,MMR009013,145236.76834338708,30500,3050.027865043446,10,0,3,0,7,0,0,0.00511180011860819,5,0.3333333333333333,0.38298849662382206,0.20903702001144908,0.16840668789835367,0.7001389444928525,0.6442937746526969,0.23574595235388685,0.12687708807554057,0.3580207235920994
Magway,MMR009,Mindon,MMR009014,59013.55990853376,12393,1238.7153073514055,13,2,5,0,6,0,14,0.00932788394077016,2,0.13333333333333333,0.4353265629038592,0.10238165003043126,0.1827635633245425,0.7203468566119542,0.7908261280231191,0.1024556294518122,0.18052366796379907,0.3436932775859419
Magway,MMR009,Kamma,MMR009015,74759.92110993135,15700,1570.0416577967449,27,2,10,0,14,1,2,0.01565792851396145,5,0.3333333333333333,0.3796049464575751,0.0985970431238849,0.17854489639642523,0.7358905141565697,0.7802584822970839,0.20193203702553264,0.08887074211221112,0.33095814294605724
Magway,MMR009,Aunglan,MMR009016,233861.003568326,49111,4910.918926403586,14,1,1,1,7,4,4,0.01493139780043965,4,0.26666666666666666,0.3732591025113884,0.17360097321895335,0.16807030925657016,0.6933259062724462,0.5923574376992546,0.32240189923288476,0.11713270976410588,0.3932387649519889
Magway,MMR009,Sinbaungwe,MMR009017,117162.15364424168,24604,2459.59484021137,3,1,0,0,0,2,9,0.00413343730263561,3,0.2,0.419132936798565,0.16333180609478964,0.18769839090551407,0.7833032261917203,0.7582729981991327,0.1957791073007258,0.08258622240120934,0.4203437124033404
Mandalay,MMR010,Kyaukse,MMR010013,274709.3466889205,32416,3242.429766033835,51,8,17,4,13,9,46,0.06110406608966955,NA,0,0.2908558002538836,0.05115128758744147,0.06388379027274989,0.6368892375762459,0.3723371279408251,0.25341610826435423,0.06463425517191335,0.3795413306333416
Mandalay,MMR010,Sintgaing,MMR010014,158619.83773306131,18717,1872.2859584249468,39,3,13,2,12,9,45,0.04338207562318558,6,0.4,0.2596281525109511,0.04644183311518331,0.05961954015451638,0.5873309239878983,0.3424498007005041,0.22035781574582525,0.08261545756547851,0.35310557671861426
Mandalay,MMR010,Myittha,MMR010015,208374.00606965617,24588,2459.186742558674,17,0,8,0,8,1,0,0.01004044070980572,NA,0,0.3587409199552301,0.07645551540414904,0.061512206807305,0.695216246846781,0.4424585209361679,0.2597163199534829,0.16294809563029936,0.39588668219760137
Mandalay,MMR010,Tada-U,MMR010016,147647.73934006476,17422,1741.7567097702458,18,5,6,1,1,5,28,0.02282347157154721,5,0.3333333333333333,0.359239273227207,0.07158452028117097,0.0548271613031867,0.7570862203119789,0.4212972790583144,0.20659521846661175,0.12771591826097498,0.3712871366061134
Mandalay,MMR010,Aungmyaythazan,MMR010001,283094.198504246,33405,3341.4885290733523,63,7,25,6,12,13,15,0.07655716276862654,1,0.06666666666666667,0.12263643497445952,0.01273115000839078,0.02015067108306309,0.3643542576383263,0.03080360612903323,0.1513830316399576,0.0443623424406048,0.27151456325859735
Mandalay,MMR010,Chanayethazan,MMR010002,210020.72620513552,24782,2477.755454915075,189,4,53,35,62,35,91,0.31094431943439393,NA,0,0.09290305924643572,0.01018562857763554,0.01368812886599225,0.2767245849482778,0.01303213185904375,0.10241553547481765,0.03193623493774672,0.21637995761548512
Mandalay,MMR010,Mahaaungmyay,MMR010003,256821.2367566823,30305,3029.509485691361,135,9,43,12,35,36,51,0.16380575919324172,NA,0,0.12216217539123957,0.01720627888265001,0.01943610500563309,0.377839112612244,0.04309852142064747,0.14404374282107024,0.04685556494781061,0.25780157729431896
Mandalay,MMR010,Chanmyathazi,MMR010004,302269.0082577384,35668,3567.225716840961,123,11,50,7,26,29,54,0.1309548460685371,NA,0,0.14938097046427856,0.02333860128479361,0.02476412660560642,0.4300256585479067,0.07495538375040382,0.19195861355406107,0.05421757065106459,0.3055736304151857
Mandalay,MMR010,Pyigyitagon,MMR010005,253183.75340437837,29876,2988.4317722113033,68,4,35,5,9,15,37,0.07973924173975738,2,0.13333333333333333,0.16868509030548373,0.0183899761226312,0.02895074911341242,0.4837561011383359,0.15821713083107455,0.21989013815958725,0.05047365484446058,0.3378701566480613
Mandalay,MMR010,Amarapura,MMR010006,253098.54149568605,29866,2987.437274355215,58,1,19,1,18,19,15,0.05002633390629157,3,0.2,0.19044285306435563,0.03265033931224719,0.03091721501155139,0.5434289077608677,0.2252571634026835,0.20083200610941687,0.06474071892814276,0.33354580297944525
Mandalay,MMR010,Patheingyi,MMR010007,280906.3827485704,33147,3315.3047115730856,40,5,20,0,7,8,14,0.0307568966489845,2,0.13333333333333333,0.22544912425237149,0.05509526421188168,0.03346975073610785,0.6187641785383431,0.2859092880775474,0.24559740537325636,0.0996515979029335,0.3790953854300588
Mandalay,MMR010,Meiktila,MMR010028,329837.1910174255,38921,3891.921147591971,38,2,6,7,15,8,17,0.06195631912372917,NA,0,0.25097418082806056,0.05580356818959175,0.06866729161371651,0.5310727319750568,0.3019379489949354,0.19117052225454656,0.14215496527982552,0.37709868231441246
Mandalay,MMR010,Mahlaing,MMR010029,148510.50991557463,17524,1751.5760855914916,16,0,3,3,6,4,3,0.02610891333406538,NA,0,0.3748419926199652,0.06476321337152409,0.07830842245735112,0.732660477357511,0.4621923191903347,0.19764165257727484,0.08739905529904443,0.3907370748908169
Mandalay,MMR010,Thazi,MMR010030,215884.3706720267,25474,2546.564500546806,8,0,5,1,2,0,0,0.00980404920996459,1,0.06666666666666667,0.3295377034731982,0.11292213233400555,0.07666768873644368,0.6458709273751122,0.4050327330539788,0.244158864281105,0.1260381620421254,0.4133922443135549
Mandalay,MMR010,Wundwin,MMR010031,244728.60176438157,28878,2888.202513380018,21,2,2,3,5,9,13,0.03324126695811029,NA,0,0.35085281398782187,0.07421919283592107,0.08064356424286527,0.7614095770234215,0.4017395372442989,0.23599987615076581,0.14680141983232697,0.33642784871256465
Mandalay,MMR010,Myingyan,MMR010017,294083.33927898115,34702,3469.816606201124,164,20,24,10,59,51,187,0.1933498692993137,5,0.3333333333333333,0.3075522302703431,0.11014838788739638,0.13032473889766863,0.657033341823581,0.3009164762528115,0.19870567626487812,0.11550600762231292,0.3349029250497232
Mandalay,MMR010,Taungtha,MMR010018,230755.97903655615,27229,2723.079449686694,61,5,13,2,26,15,30,0.05539633457910015,5,0.3333333333333333,0.33206618355034934,0.1673033087845335,0.1390048481259568,0.7079629905490177,0.3746472410125306,0.2021829725894475,0.11289857449392508,0.40548338984869337
Mandalay,MMR010,Natogyi,MMR010019,188614.4295927627,22257,2226.349785760861,58,10,21,2,16,9,129,0.06700980577966185,NA,0,0.3013670513552647,0.0899170888575487,0.11587096714359144,0.7599018677706543,0.4042363500246978,0.17320922703358965,0.07893194312819918,0.3515902299158239
Mandalay,MMR010,Ngazun,MMR010021,132326.63815718322,15615,1560.545801939934,22,2,5,0,12,3,9,0.01457301087440336,3,0.2,0.3640972319866636,0.15745744675780313,0.12255156848259144,0.7974643640350877,0.4241463416916219,0.2000790064457698,0.09799671821578528,0.36011778628962315
Mandalay,MMR010,Kyaukpadaung,MMR010020,278971.0072723958,32919,3292.1421203210016,49,1,17,4,17,10,15,0.05492847905311261,NA,0,0.3673271932297463,0.10865711467806656,0.10980494682558312,0.6802146318023465,0.36192820046740987,0.19191801992880575,0.16478315448417072,0.3907503199013315
Mandalay,MMR010,Nyaung-U,MMR010022,255579.2731874916,30158,3016.1645853686555,28,1,6,5,7,9,15,0.047512959257243,6,0.4,0.3619295891915261,0.18215386454251292,0.18215386454251292,0.6865813884535559,0.497,0.11805748541029816,0.16099999999999992,0.389
Mandalay,MMR010,Pyinoolwin,MMR010008,272154.0545770091,32114,3210.5822103578134,24,4,1,3,12,4,42,0.03553426663026583,1,0.06666666666666667,0.2448088940892369,0.05017161946615304,0.04771397363772856,0.47579199918075354,0.2179022328524808,0.2082441956306319,0.05241152170334776,0.3070219203440117
Mandalay,MMR010,Madaya,MMR010009,274809.470681634,32428,3243.2482649609665,138,13,38,2,48,37,179,0.13245541176246386,3,0.2,0.35221574615221574,0.11077144038401186,0.12066316125224023,0.7161210750809395,0.4625838089206603,0.30270802700889354,0.0705126767500343,0.38135890790756977
Mandalay,MMR010,Singu,MMR010010,167851.48289101702,19806,1981.3525646218368,37,5,6,1,12,13,40,0.03815351633497784,6,0.4,0.3466038940338335,0.11502375567512914,0.1207425471965872,0.6576891146163989,0.4733296654406014,0.2781217750257998,0.03575292019281749,0.3844910621878494
Mandalay,MMR010,Mogoke,MMR010011,178038.56657518548,21009,2101.1449244088303,158,16,27,10,69,36,71,0.16434915565410413,1,0.06666666666666667,0.2540277302802177,0.0762632551353291,0.07726266784092556,0.5020409551670182,0.3001638235798507,0.23077877708345507,0.10657510646452913,0.3907653663634664
Mandalay,MMR010,Thabeikkyin,MMR010012,174366.9984594045,20575,2058.469525275091,31,2,11,0,11,7,12,0.02302349341264353,7,0.4666666666666667,0.38302156254780634,0.15016955734480558,0.13189016978917753,0.6879397113952652,0.5373674587175683,0.351624970773907,0.07390480506903253,0.44584534288232286
Mandalay,MMR010,Yamethin,MMR010023,274905.3340789128,32439,3244.117062092947,1,0,0,0,1,0,0,4.399321831995495e-4,1,0.06666666666666667,0.35419987709335465,0.0450036183189753,0.04130939754899612,0.7323731148040227,0.5412667306377985,0.2622975991066443,0.15952287251607333,0.38465619759982417
Mandalay,MMR010,Pyawbwe,MMR010024,277250.79186566925,32716,3272.4407153383586,2,0,1,0,1,0,2,0.00139704401200384,NA,0,0.3489378743554924,0.03530404471131964,0.03896701349167368,0.7340133603126646,0.5327693646120334,0.2884997359430572,0.1525069299191837,0.419197079081127
Mon,MMR011,Mawlamyine,MMR011001,278680.7196406106,44000.17344512815,0,54,0,14,13,21,6,12,0.09913517854096902,6,0.4,0.20093972537138977,0.03354117789305505,0.06342534726227636,0.39005609072064384,0.1305691165417025,0.22063006582224287,0.08593452031078586,0.34075360910481994
Mon,MMR011,Kyaikmaraw,MMR011002,188565.08118107164,24000.13167079307,0,13,3,6,0,2,2,9,0.01042120927220777,5,0.3333333333333333,0.3927145416589391,0.1370905978300903,0.08371934491604185,0.783725317312227,0.3887019592310318,0.34525769363532566,0.4332918996012013,0.5327034312394052
Mon,MMR011,Chaungzon,MMR011003,117607.3699214522,12000.006948041786,0,11,1,2,0,5,3,4,0.0080903145819187,4,0.26666666666666666,0.3166758520237884,0.08431756352453579,0.103380320711606,0.6623174438431314,0.5297682421739719,0.22848946443362497,0.1653225877178787,0.4350700714150779
Mon,MMR011,Thanbyuzayat,MMR011004,164226.21257492076,23000.148475104623,0,12,0,4,1,3,4,5,0.01467210838017789,3,0.2,0.4043705741310534,0.09996658296092076,0.08482843096374815,0.6532816913841808,0.3215541617188974,0.27367669764325453,0.23703169298860785,0.4268689575434253
Mon,MMR011,Mudon,MMR011005,183679.78085508436,27000.299476739117,0,21,0,4,1,13,3,3,0.01769015964779381,3,0.2,0.27141799688648854,0.06939597757896479,0.07468894956940382,0.635008210180624,0.2885380280507071,0.2178503554585768,0.13516969998114864,0.387813755749561
Mon,MMR011,Ye,MMR011006,253869.98090638287,61437,10000,166,43,54,7,42,20,176,0.16934383443197046,2,0.13333333333333333,0.3617575793354107,0.09929480778900134,0.1032644047676563,0.6840980294556847,0.5230240233903639,0.29501111503344046,0.3638916978990829,0.4538384793558968
Mon,MMR011,Thaton,MMR011007,229296.140236455,55490,10000,108,31,42,3,17,15,112,0.10560744320543322,9,0.6,0.3287847732806177,0.11340645543788334,0.12336837560894198,0.6766442206298728,0.33126126523490496,0.3607726281062098,0.20479432527581845,0.4751542704102798
Mon,MMR011,Paung,MMR011008,210376.07410109657,34003.99336600171,0,25,0,12,0,9,4,4,0.01705419748435862,6,0.4,0.336061948265018,0.1203706778527557,0.11885440909162652,0.7139633837598713,0.3452734922017195,0.31195259430553546,0.24761439882450983,0.4768203430505985
Mon,MMR011,Kyaikto,MMR011009,177704.36423321342,43004,10000,108,30,43,1,14,20,157,0.12015865316073764,3,0.2,0.30722630248550886,0.11989509118351666,0.1304866165267541,0.6228014870535035,0.3536472843127992,0.28050932067781775,0.1142888322241548,0.4396295449475612
Mon,MMR011,Bilin,MMR011010,174375.27232961828,43029,5000,73,20,27,0,12,14,46,0.06520698491855219,7,0.4666666666666667,0.3801268591266728,0.17773291554603807,0.15566898755155592,0.6873873477821251,0.44019312814178024,0.3177221514577865,0.20089599141286524,0.481403676813121
Nay Pyi Taw,MMR018,Za Bu Thi Ri,MMR018002,123719.9083172146,0,0,10,0,6,1,3,0,2,0.01120109322196843,NA,0,0.09311697155272924,0.00923810676151495,0.01205303295381474,0.1963318360220269,0.05343940455859624,0.11556710466792208,0.03075500295254772,0.2538607090551835
Nay Pyi Taw,MMR018,Det Khi Na Thi Ri,MMR018004,57490.06829779366,0,0,4,1,0,0,1,2,0,0.00331477851053285,NA,0,0.2493410686708938,0.02081641330832118,0.05100965038113241,0.5389615414377467,0.4407587440630258,0.1756417181371973,0.11932941145588503,0.3601948173764112
Nay Pyi Taw,MMR018,Pyinmana,MMR018006,210082.69677906152,0,0,27,3,13,5,4,2,33,0.04708459143997238,NA,0,0.20706424591506517,0.05157282150440557,0.03786751895682542,0.4623897353648757,0.20301489192854075,0.20943250086241127,0.08242340791282776,0.3985134149696464
Nay Pyi Taw,MMR018,Lewe,MMR018007,318535.16586296825,0,0,6,1,2,0,1,2,5,0.0053688456098417,3,0.2,0.3118009357096416,0.05364870309756812,0.05614504677546585,0.5954190632703369,0.44546669148684503,0.2777069501731477,0.10825761039296786,0.46269706593831544
Nay Pyi Taw,MMR018,Zay Yar Thi Ri,MMR018001,124654.0323228326,0,0,120,0,3,6,108,3,3,0.08649159268908005,NA,0,0.18751716298368248,0.04089786335051216,0.04854072521020229,0.4960764874901282,0.248492899460648,0.19094967079567016,0.07132266960353205,0.4038569879587668
Nay Pyi Taw,MMR018,Tatkon,MMR018003,243155.61481010212,0,0,11,0,6,1,3,1,1,0.01216283346124724,1,0.06666666666666667,0.25429940411949825,0.06670373939729077,0.0609223643260948,0.6310403591171703,0.5211981722737131,0.2063515260524984,0.15283429200756854,0.39534477978164984
Nay Pyi Taw,MMR018,Poke Ba Thi Ri,MMR018005,130476.06659285932,0,0,6,0,2,1,1,2,2,0.00981469643591233,NA,0,0.2099960094036128,0.0457998411854907,0.05641524523452539,0.51686854058324,0.3312906663865433,0.1911739484628907,0.1222674336060548,0.41615239977015767
Nay Pyi Taw,MMR018,Oke Ta Ra Thi Ri,MMR018008,91418.70664093515,0,0,8,0,2,0,5,1,1,0.00479593792948463,2,0.13333333333333333,0.2554253039565947,0.08411674765165321,0.07392194246057937,0.6092396078152078,0.4467948285821381,0.23334410140446415,0.17321219760857756,0.42277300613013746
Rakhine,MMR012,Kyaukpyu,MMR012011,171175.73756895756,47000.071429559386,0,5,0,0,0,3,2,0,0.00639080001754415,3,0.2,0.45085778498966655,0.38763318367469646,0.35670845832158343,0.7459474566797093,0.5609565221795662,0.3818953006478254,0.180915074058338,0.478160127200039
Rakhine,MMR012,Munaung,MMR012012,58972.35634496853,14000.034103613378,0,1,0,0,0,1,0,0,4.399321831995495e-4,3,0.2,0.414255626379335,0.28643064500118987,0.33941911945859776,0.6993275191762109,0.6582602664484113,0.16597408446091175,0.04347022402059434,0.34988177849010565
Rakhine,MMR012,Ramree,MMR012013,101338.74477697774,25999.68063348829,0,2,0,0,0,2,0,0,8.79864366399098e-4,3,0.2,0.4983763147640547,0.3774488844418172,0.37133059644339367,0.7151054317597776,0.6897494291743962,0.31758494145842175,0.08641617230901133,0.4499776442341686
Rakhine,MMR012,Ann,MMR012014,123930.35613315948,51962,1000,14,0,7,1,6,0,1,0.02259596018319467,5,0.3333333333333333,0.4717409075447261,0.34472067874586615,0.3672230517440192,0.7656123007513809,0.6740837365283373,0.40352327378907593,0.15486280108631487,0.5285850166398649
Rakhine,MMR012,Maungdaw,MMR012009,42221.457598032895,16889,16889.41697108115,41,16,4,0,12,9,43,0.05758303962675538,2,0.13333333333333333,0.4460979866246027,0.373290273556231,0.7156788247213779,0.5828948040668267,0.611322188449848,0.26639587564443057,0.40864531069085297,0.5088225118210126
Rakhine,MMR012,Buthidaung,MMR012010,57501.30838010879,27218,25001,20,2,3,0,8,7,5,0.04011031329346599,1,0.06666666666666667,0.5269764081183161,0.6306818181818181,0.7621182528409092,0.6967648294564761,0.7466264204545454,0.34335804541427706,0.3668797464896465,0.5586673668242021
Rakhine,MMR012,Mrauk-U,MMR012003,196308.81462093847,92169,49999,10,0,2,0,5,3,1,0.06658190998297078,3,0.2,0.5728444555507963,0.8321613485851896,0.8767369054786274,0.7657995360027496,0.9216134858518964,0.3993241062194085,0.19075922395424472,0.5282907611714537
Rakhine,MMR012,Kyauktaw,MMR012004,179196.62400930474,80736,40000,13,0,6,0,7,0,5,0.04790418354196373,3,0.2,0.5610492386592947,0.8563227839430059,0.7507055761063159,0.7306559725007161,0.8965885737772298,0.40395402631198496,0.2086542480148068,0.5301927922316904
Rakhine,MMR012,Minbya,MMR012005,175167.54682476277,71821,50000,5,0,3,0,0,2,3,0.01055108311879675,5,0.3333333333333333,0.6093002898730892,0.8817161734192421,0.8954351861963525,0.7954596038281772,0.9552801135743147,0.44596395101649744,0.2496230991085474,0.5701208743769868
Rakhine,MMR012,Myebon,MMR012006,142024.9707551043,35999.769923067914,0,3,2,1,0,0,0,0,0.01903011650377359,4,0.26666666666666666,0.603747725566152,0.715721624812534,0.9009540827722646,0.8019214211265691,0.9249816522543796,0.4664633572410158,0.3383002904407122,0.5897171605619976
Rakhine,MMR012,Sittwe,MMR012001,153108.0386733227,128717,79999,23,0,0,2,15,6,1,0.3530460975607853,4,0.26666666666666666,0.352564847268093,0.2891956760366838,0.5709607966268844,0.48664962543024903,0.249554372710882,0.3152643216080402,0.1849704278915056,0.3737410903876736
Rakhine,MMR012,Ponnagyun,MMR012002,134322.93214950498,36999.61783574795,0,6,0,3,0,2,1,5,0.00941435772438379,2,0.13333333333333333,0.6101016474004194,0.968257585626482,0.76494907605206,0.8069349588306632,0.4514030422814309,0.4061871227364184,0.2705620013045336,0.5165610568616231
Rakhine,MMR012,Pauktaw,MMR012007,151097.64096202247,50000.361944635726,0,3,0,0,0,2,1,0,0.07341090838152137,3,0.2,0.6549954804873006,0.985658869544299,0.8008358448948389,0.8544636719567231,0.4464446456722728,0.5121638813642934,0.27721274414915603,0.5557191657938809
Rakhine,MMR012,Rathedaung,MMR012008,115917.75145475384,58100,10001,3,0,1,0,0,2,0,0.05445866764811195,1,0.06666666666666667,0.6575356733682538,0.9058424552696824,0.7788880162265731,0.80282365084046,0.432076423086884,0.4132668036395656,0.2863986852069804,0.5531884041162024
Rakhine,MMR012,Thandwe,MMR012015,138185.3388749741,35999.91171640083,0,15,0,0,5,9,1,1,0.03288611735420813,4,0.26666666666666666,0.3194642739996417,0.1313510175887741,0.19954579952233037,0.5699301990619345,0.4521223635608573,0.2664746350959717,0.04118961334431714,0.38835894493455575
Rakhine,MMR012,Toungup,MMR012016,163917.80844747147,43999.91720430579,0,13,0,0,3,9,1,0,0.02167215367941472,3,0.2,0.40400737585137714,0.2548424457833598,0.1935125355648799,0.664210163255921,0.4984100936183758,0.3482359884754871,0.06477274551842001,0.5118146947919424
Rakhine,MMR012,Gwa,MMR012017,68340.06432105285,11999.988705708112,0,7,0,0,1,6,0,0,0.00817665321574386,3,0.2,0.33816556756614014,0.19972901055500245,0.20894096302467585,0.5468087712850668,0.497632141010608,0.24689664998486172,0.02696090819079061,0.40469111575103894
Sagaing,MMR005,Hkamti,MMR005033,50052.78736458388,7653,764.6930044427131,20,5,3,2,9,1,10,0.02292419764295795,5,0.3333333333333333,0.4003966159636894,0.2011710558159072,0.18139941142595675,0.5544168528007708,0.7747508881452513,0.2809556206824366,0.11134792349857688,0.46225253099962255
Sagaing,MMR005,Homalin,MMR005034,271180.7044831875,41464,4145.647058499893,36,11,7,2,7,9,24,0.03955458448206115,5,0.3333333333333333,0.4280257217035873,0.1224071951041892,0.1591958336549026,0.6044355116969153,0.8887145327998947,0.4167245056665332,0.04934603816014921,0.5908934865018151
Sagaing,MMR005,Kale,MMR005027,366088.59478020685,56195,5620.500044487943,462,120,96,8,168,70,914,0.5317735668939273,2,0.13333333333333333,0.35943908082767156,0.06796324657650012,0.07807481827951838,0.5464888059071967,0.7338469362172855,0.2875589840237047,0.09346739913086492,0.466631676082101
Sagaing,MMR005,Kalewa,MMR005028,59267.67586886143,9062,905.7972813338224,9,2,2,0,5,0,30,0.00909317198856337,4,0.26666666666666666,0.4653509436022438,0.13367968609543934,0.0898932951409827,0.6383192265230337,0.6489083977557666,0.1684215125169295,0.01515295284479023,0.4309386927091472
Sagaing,MMR005,Mingin,MMR005029,109607.18132800511,16759,1676.1062042242895,185,66,24,0,58,37,540,0.28101399448268766,5,0.3333333333333333,0.4346588717468493,0.11350496179624456,0.10340878528834146,0.6813542174769209,0.7463575136760989,0.22365004726180648,0.07008342849304637,0.45844516223250775
Sagaing,MMR005,Kanbalu,MMR005007,310412.7719640728,47462,4745.788726074859,103,13,25,1,39,25,96,0.0963570670389302,3,0.2,0.41159125551970527,0.1285136783458986,0.10392027267768676,0.6847491990876422,0.6166583635815521,0.32567907098838733,0.09194991663909662,0.3986637597669066
Sagaing,MMR005,Kyunhla,MMR005008,109317.31248515344,16715,1670.5384196395844,40,7,8,0,16,9,49,0.06837506194964024,1,0.06666666666666667,0.3652325673696589,0.05976619483867705,0.10364835080987628,0.6872328529947518,0.5541740956752397,0.2148476493796644,0.1232073813924356,0.3845124776917251
Sagaing,MMR005,Katha,MMR005020,176162.5379959527,26935,2694.474877734948,134,56,34,0,41,3,533,0.1565249951850941,8,0.5333333333333333,0.38423090639650714,0.04090034939159824,0.0613759145453672,0.6278537683346113,0.6493501441871756,0.31175489063549944,0.05355819772505606,0.5027014916584066
Sagaing,MMR005,Indaw,MMR005021,126309.298023187,19313,1930.7308707400512,33,12,13,2,4,2,96,0.04532865860582544,1,0.06666666666666667,0.4293123090889017,0.08997783678197158,0.05501597963120253,0.6814967105263158,0.4849641006346521,0.15131447342100002,0.0656405992482792,0.5039241802219993
Sagaing,MMR005,Tigyaing,MMR005022,136485.16475648366,20869,2087.141840512734,123,32,49,0,25,17,439,0.14580404727983662,6,0.4,0.3648826193129648,0.03798499948535219,0.06259189169547469,0.672473186214781,0.6636109531725605,0.2566675266844404,0.04784441702364796,0.4439381332078611
Sagaing,MMR005,Banmauk,MMR005023,118329.50284932094,18093,1808.7419382527696,1,1,0,0,0,0,3,0.00109120929047594,2,0.13333333333333333,0.4015882536595336,0.05091719030153367,0.05755348542538261,0.7804929672317253,0.744037610728488,0.2611048295913423,0.22082291462231685,0.5163949480095028
Sagaing,MMR005,Kawlin,MMR005024,152598.09152108652,23332,2332.7752023051985,67,15,18,3,21,10,244,0.09425896617657772,1,0.06666666666666667,0.34124915575462633,0.03892784467555466,0.05106359087518259,0.6964967994839478,0.43111924439505905,0.24851752021563345,0.06410578592393722,0.37713672471645826
Sagaing,MMR005,Wuntho,MMR005025,77083.05696050264,11786,1179.4001948683065,8,2,3,0,1,2,20,0.01109038822719742,1,0.06666666666666667,0.34872922890783,0.02793590935749466,0.04973838957568043,0.7297085143126276,0.5086974496975329,0.1929600707735756,0.06249619567456324,0.4470562488904373
Sagaing,MMR005,Pinlebu,MMR005026,117594.32824788554,17980,1797.98272125588,44,18,6,1,13,6,128,0.09583182475470851,1,0.06666666666666667,0.4501376571219427,0.1118809714121094,0.05348309826291269,0.8271241480212682,0.7406327635526618,0.2794392310495627,0.10890514196638,0.49598952698794896
Sagaing,MMR005,Mawlaik,MMR005031,53892.49928293797,8240,823.9836862868669,6,2,3,0,0,1,17,0.00685455495684513,4,0.26666666666666666,0.4188331594755737,0.02641074350793587,0.02932597554242209,0.7193314889907909,0.8615322319171679,0.1849733683512923,0.1644804708551768,0.474277170422029
Sagaing,MMR005,Paungbyin,MMR005032,118356.80933451712,18097,1810.324443421459,12,3,1,0,8,0,38,0.01152597009173546,4,0.26666666666666666,0.45638736342255576,0.03215337203321677,0.03082595250229564,0.6922870915907874,0.8956857956182445,0.24607550482879725,0.3238685388622061,0.577202879274531
Sagaing,MMR005,Monywa,MMR005012,390792.56188729784,59752,5974.781736716537,305,42,104,15,79,65,251,0.3231768982191175,4,0.26666666666666666,0.24638216818151443,0.04521764604242381,0.05800039103132571,0.5520770620108368,0.1768102380702271,0.23464684762856913,0.0905631938182082,0.29930343287831096
Sagaing,MMR005,Budalin,MMR005013,129746.76440961284,19838,1984.171987084778,91,17,36,0,19,19,151,0.08884963997724579,1,0.06666666666666667,0.3810344712050183,0.0824258967462066,0.06061597671367335,0.7051627617665354,0.4476534392810285,0.1870860764709923,0.09097551001142916,0.3788568920608796
Sagaing,MMR005,Ayadaw,MMR005014,163596.30355856032,25014,2500.6125786130374,105,24,33,0,28,20,140,0.09240317495453368,1,0.06666666666666667,0.3725330991625524,0.08418491980502323,0.0677604276740128,0.7970493334926723,0.49246828934620096,0.28344511118955174,0.15327339515998709,0.33620083944158213
Sagaing,MMR005,Chaung-U,MMR005015,111279.17842155536,17015,1700.541485562975,72,18,24,1,17,12,294,0.09569730332900718,1,0.06666666666666667,0.31662004859027393,0.06158725528719781,0.06627232846929429,0.6752895196296711,0.38472571626399366,0.24020931426148665,0.07249095723878848,0.31453631254645953
Sagaing,MMR005,Lay Shi,MMR005035,11018.166776655537,1685,167.533528801838,1,0,1,0,0,0,0,6.774249454037838e-4,2,0.13333333333333333,0.5407025741971399,0.2314315678884852,0.2226468413271125,0.6231560125167634,0.8312423676096781,0.21484375,0.17140396053804025,0.7480379810587182
Sagaing,MMR005,Lahe,MMR005036,57088.40830032074,8729,873.1182531040208,NA,NA,NA,NA,NA,NA,NA,0,1,0.06666666666666667,0.7345496129987232,0.30768142791412356,0.24986042227039976,0.8837979094076656,0.9520711598523052,0.5244895338384487,0.33059859256790797,0.7841513977928858
Sagaing,MMR005,Nanyun,MMR005037,54591.96540373222,8347,835.288948932148,1,1,0,0,0,0,6,0.00151073961557671,1,0.06666666666666667,0.6943409155630895,0.3667980720989113,0.2644195956241519,0.8526031731261341,0.9490011889565052,0.47122957406911326,0.297087012052846,0.7767702445713229
Sagaing,MMR005,Sagaing,MMR005001,322630.3235904986,49330,4932.98235236441,111,14,32,4,47,14,96,0.1027532987816702,6,0.4,0.26272131533998816,0.09618676046943218,0.0987673872208016,0.601169597175987,0.2447520500280297,0.22260279215013937,0.08425961257064901,0.30948856298488825
Sagaing,MMR005,Myinmu,MMR005002,112361.98558452666,17180,1717.9852405393876,81,21,37,2,13,8,177,0.09811736195857183,4,0.26666666666666666,0.33047263129201937,0.117302946336514,0.11943816043601271,0.7342556607595696,0.4073706132483451,0.2006385095612433,0.12759453791893216,0.2914763687585667
Sagaing,MMR005,Myaung,MMR005003,111758.09216191898,29794,2979.5686885229857,142,24,42,0,55,21,307,0.14648830943105762,4,0.26666666666666666,0.3473731511598809,0.125805269872045,0.1162086015773278,0.6608922275026828,0.5032027451551249,0.21993290745435823,0.0834508306676674,0.3056388399170787
Sagaing,MMR005,Shwebo,MMR005004,280213.89983596734,42845,4283.529523182369,179,21,58,13,50,37,252,0.29224734536792585,3,0.2,0.27444563104357733,0.08894619187540989,0.09471468003051985,0.5917619304482327,0.4211964600554338,0.28041026367139965,0.10572457023893242,0.3063845630208306
Sagaing,MMR005,Khin-U,MMR005005,153816.38086060813,23519,2352.1475458965847,266,56,60,2,81,67,347,0.24830266665027828,4,0.26666666666666666,0.3992958956469807,0.10472899624173763,0.1021984085702233,0.7388056133304646,0.6731671239888785,0.2563945160630243,0.09157948571905872,0.3412140971896864
Sagaing,MMR005,Wetlet,MMR005006,206075.74227892887,31509,3151.101903850658,127,20,29,1,49,28,176,0.1156294286241967,1,0.06666666666666667,0.3828999778805717,0.1595396260859543,0.11009030569525637,0.7123312041476763,0.6773183825641511,0.283015340826861,0.13000302947316508,0.31574029036433543
Sagaing,MMR005,Ye-U,MMR005009,124234.00514827788,18995,1900.462173678917,143,24,42,0,50,27,266,0.18993547341556416,2,0.13333333333333333,0.35284213707545803,0.05748340298292224,0.09125936344122716,0.6823987515340677,0.6395609845640001,0.2464930477109819,0.08377565071596561,0.3877371242355296
Sagaing,MMR005,Tabayin,MMR005010,147890.87357303873,22613,2260.74857103089,175,26,49,1,72,27,347,0.1775263466489167,1,0.06666666666666667,0.402831541510286,0.10447184449449548,0.10095621036018516,0.7365938462718429,0.6985636895109658,0.2644170278204949,0.21603861848233105,0.4008334247038316
Sagaing,MMR005,Taze,MMR005011,173406.68349000052,26514,2650.611866272992,181,17,57,1,58,48,302,0.24995230898876497,1,0.06666666666666667,0.40542661040128813,0.04591408352197099,0.09276334989787743,0.7260652650359585,0.6622204188305076,0.2647346969300377,0.09653878998034678,0.4199452859088289
Sagaing,MMR005,Tamu,MMR005030,120641.10184612,18446,1845.3976384542725,63,30,8,2,12,11,200,0.08200918378679437,1,0.06666666666666667,0.336854793134724,0.02384504176546587,0.02384504176546587,0.501228411132705,0.5509999999999999,0.1715351434226936,0.04000000000000003,0.5640000000000001
Sagaing,MMR005,Yinmarbin,MMR005016,148589.28944440238,22719,2272.0697665373496,296,87,76,5,83,45,556,0.3270714236572799,3,0.2,0.36886275740119423,0.07771447730733502,0.09446918905145438,0.7763518311859592,0.5413744927149028,0.17781397371719976,0.05472896744090724,0.3700606664558901
Sagaing,MMR005,Kani,MMR005017,141301.6086453162,24570,2457.013403886237,263,80,48,0,96,39,566,0.28351587409653684,3,0.2,0.3862805902989558,0.09396360165029764,0.07960721272096065,0.7435443107521564,0.5923297189716212,0.2692665148063782,0.0476363403124361,0.40875075535178024
Sagaing,MMR005,Salingyi,MMR005018,127928.78264520613,19560,1955.9689138488495,55,10,22,0,10,13,130,0.06885651141293962,4,0.26666666666666666,0.28343701749562905,0.08332285436513441,0.09282282578930504,0.6826515428025943,0.34382966023059774,0.24496827720839431,0.04985667844037704,0.3386860150032644
Sagaing,MMR005,Pale,MMR005019,151242.21950615355,23125,2311.5065690822457,193,79,53,0,41,20,610,0.24040219535271237,1,0.06666666666666667,0.37694744765458543,0.1131157699749734,0.1020321608624957,0.7735460880000979,0.5089498756799439,0.210648108905352,0.09659713857075054,0.3903243296704248
Shan (East),MMR222,Kengtung,MMR016001,190678.0710663969,70170,25000,7,0,0,0,5,2,2,0.00468251516135638,1,0.06666666666666667,0.303241648232242,0.088125684657493,0.08738179718267686,0.7009520512376666,0.3074747726896296,0.1535207563160279,0.3358400862795509,0.4005456253402071
Shan (East),MMR222,Mongkhet,MMR016002,49472.748796437016,7000.010935993042,0,NA,NA,NA,NA,NA,NA,NA,0,1,0.06666666666666667,0.4505432968051223,0.16482326824273175,0.1680995868690269,0.9366102990350624,0.39999558868271406,0.47586551754566586,0.5930088394851297,0.4514581144945487
Shan (East),MMR222,Mongyang,MMR016003,119598.77030615482,44012,10000,NA,NA,NA,NA,NA,NA,NA,0,1,0.06666666666666667,0.46598106868571154,0.12475034507444464,0.11216377824804724,0.9055444574271608,0.3125591512449022,0.7531616368346958,0.5361718080719758,0.3965597730563375
Shan (East),MMR222,Mongla,MMR016005,47850.61860323728,6999.989010072383,0,NA,NA,NA,NA,NA,NA,NA,0,NA,0,0.29849316867760134,0.07131079137272472,0.10234680508740444,0.6288468041934393,0.17802895658921716,0.35533488045766104,0.45649327826232383,0.21693090197480625
Shan (East),MMR222,Mongping,MMR016007,76476.77232090256,10999.823250005877,0,3,0,3,0,0,0,0,0.00203227483621135,1,0.06666666666666667,0.4919339907843765,0.12140130807336875,0.1002056621463785,0.8862063517143308,0.6055495567581621,0.34773869346733666,0.4651978658336249,0.44317715000096114
Shan (East),MMR222,Monghsat,MMR016006,116270.07026586276,42787,10000,1,0,0,0,1,0,0,4.399321831995495e-4,NA,0,0.4016726514191116,0.07510179087798319,0.08276079239358464,0.846054713995026,0.4204186207152972,0.42504504981980074,0.4463200896001953,0.4829134408999274
Shan (East),MMR222,Mongton,MMR016008,77872.24870628536,11500.005006632337,0,1,1,0,0,0,0,6,0.00151073961557671,1,0.06666666666666667,0.4100272651029453,0.08395062918697396,0.09333088923471822,0.8456414160639513,0.6020430327216867,0.4859683349591055,0.40234206857714094,0.37280626856207566
Shan (East),MMR222,Tachileik,MMR016009,197003.26777179833,72497,25000,26,1,8,2,13,2,3,0.02550701483035162,2,0.13333333333333333,0.2278321836507868,0.02420196957283082,0.02420196957283082,0.6578844837571737,0.21900000000000017,0.1273690463034589,0.34099999999999997,0.4289999999999999
Shan (East),MMR222,Monghpyak,MMR016010,33949.185057131006,4499.891905693609,0,2,0,0,0,2,0,0,8.79864366399098e-4,1,0.06666666666666667,0.4894172559678072,0.2562854825628549,0.4856447688564476,0.7627463863337713,0.8622871046228711,0.14163925913103692,0.6472812187256756,0.5607780442312816
Shan (East),MMR222,Mongyawng,MMR016011,88761.63091419675,12999.88849307263,0,3,0,3,0,0,0,0,0.00203227483621135,1,0.06666666666666667,0.5402572232143704,0.3652302861130496,0.43300767620376823,0.8775809876654769,0.7406373575250058,0.4315229589091636,0.7995890155053241,0.4083444791202259
Shan (North),MMR222,Pangwaun,MMR015007,107879.43518432548,21000.19458355443,0,NA,NA,NA,NA,NA,NA,NA,0,NA,0,0.6846348311461784,0.6215190779583363,0.5127425012527741,0.9679558583529776,0.7006228076455008,0.980470650375992,0.8460505937016004,0.7014624860432339
Shan (North),MMR222,Mongmao,MMR015008,78532.21126434059,14000.070850397218,0,NA,NA,NA,NA,NA,NA,NA,0,NA,0,0.6259590325249597,0.46476783149832457,0.510387745332695,0.952322530075316,0.456677836285304,0.9751531393568148,0.8197523754678951,0.6757394392430526
Shan (North),MMR222,Hopang,MMR015021,67885.03753733159,11000.134820677367,0,NA,NA,NA,NA,NA,NA,NA,0,1,0.06666666666666667,0.5197781233567023,0.4568473609129815,0.3748662624821684,0.8403409703988778,0.4617510699001427,0.6438255929066414,0.6592600411674672,0.590356200168712
Shan (North),MMR222,Laukkaing,MMR015022,105382.9101541064,14000.031636486983,0,4,1,1,0,2,0,3,0.00264849860227882,1,0.06666666666666667,0.39039292282401056,0.479612673736908,0.1543705948224754,0.7443032123873353,0.10473618338712865,0.3993884368769869,0.5874787579175035,0.5227238613052252
Shan (North),MMR222,Konkyan,MMR015023,66731.76963285124,20999.750961023416,0,1,1,0,0,0,0,7,0.00165058305727697,NA,0,0.6483777900163834,0.6262286601138127,0.45421624418003104,0.9404826150643744,0.8430419037765132,0.5334340845872484,0.8047320884357511,0.6208242581959098
Shan (North),MMR222,Kyaukme,MMR015012,191221.37357631105,73689,18421.81763278474,156,58,29,9,31,29,26,0.1723504353198333,1,0.06666666666666667,0.2867990975517105,0.09109037342478812,0.08692005016586088,0.7229843456067591,0.4324954062151034,0.2601281476446,0.2474808074372317,0.45329364991934096
Shan (North),MMR222,Nawnghkio,MMR015013,166481.66603385995,61265,15315.68673129252,26,7,4,4,8,3,55,0.04407529080747537,1,0.06666666666666667,0.26556897683599845,0.08374710292131723,0.06322341009227798,0.7445470224206148,0.491222663363498,0.2356968335437745,0.09530852410607636,0.4108062582404288
Shan (North),MMR222,Hsipaw,MMR015014,195720.0072422465,72220,18055.779324188505,85,26,16,4,20,19,34,0.0854240133768631,2,0.13333333333333333,0.33688516035178706,0.11617761824493691,0.10436946151878385,0.7966205904634336,0.4878683100987454,0.444288018563586,0.3140246234480913,0.4317326604767195
Shan (North),MMR222,Namtu,MMR015015,56022.37721350035,21014,5254.243307624785,71,32,11,1,17,10,6,0.05571568184478558,1,0.06666666666666667,0.2836563453324648,0.09641425449299355,0.09227709227904404,0.6775562155282138,0.3611329245575813,0.23779870392871605,0.3040775433719789,0.4999940285011906
Shan (North),MMR222,Lashio,MMR015001,359318.5035149055,132229,40000,105,27,25,14,25,14,36,0.14439702879636812,2,0.13333333333333333,0.34900550964684884,0.1512338244591594,0.17537398917435956,0.64130347836253,0.3482415104738942,0.33559267636630397,0.31501083161720184,0.44262828965613543
Shan (North),MMR222,Hseni,MMR015002,62954.20616923541,23336,5834.027032555601,42,29,6,0,4,3,81,0.04090912840760888,2,0.13333333333333333,0.4402848407281518,0.15865535294916736,0.1865214548541737,0.7261543704208553,0.5742557330496414,0.24978173759262168,0.3788499083520902,0.482556069032108
Shan (North),MMR222,Mongyai,MMR015003,65969.59065166286,24277,6068.79766679279,12,0,5,0,1,6,2,0.01071624587949336,1,0.06666666666666667,0.6193583483499533,0.3995335677253049,0.3586168928436842,0.9047728693135094,0.6923543234797843,0.536811384261429,0.5343698181011967,0.45758804205767256
Shan (North),MMR222,Tangyan,MMR015004,191994.6630382747,70654,17664.491014127285,9,0,1,0,2,6,1,0.00875070536527966,2,0.13333333333333333,0.6337667663772659,0.3415258448146912,0.3012693097139147,0.9172366958883812,0.7254620968617562,0.5748920998311128,0.6544568164938285,0.5355459067448501
Shan (North),MMR222,Kunlong,MMR015020,65300.73970898736,24031,6008.331965114499,6,5,1,0,0,0,0,0.00403581977227966,1,0.06666666666666667,0.594354446778756,0.6478060046189377,0.39780600461893767,0.8604480777387884,0.956793687451886,0.31894489874945897,0.6485163658611196,0.6630002964719834
Shan (North),MMR222,Pangsang (Panghkam),MMR015005,117739.98687244032,43328,10831.921208308622,1,1,0,0,0,0,0,6.716789653751758e-4,NA,0,0.5614917158331816,0.38533754633286743,0.484444309412408,0.8082727901747103,0.5182597071155133,0.8497734875510733,0.7222701149425288,0.5454518126615764
Shan (North),MMR222,Narphan,MMR015006,129081.56564790812,47502,11876.495981105403,NA,NA,NA,NA,NA,NA,NA,0,NA,0,0.6992019397840528,0.5201529683137064,0.5965157217433531,0.9743568114719529,0.7871797984703168,0.9779366463237432,0.8624924152677049,0.6833159430809479
Shan (North),MMR222,Matman,MMR015024,21923.200665902245,8068,2017.0655408666244,NA,NA,NA,NA,NA,NA,NA,0,1,0.06666666666666667,0.7559578209622253,0.9341470765521398,0.8021398432790837,0.9420253794476238,0.8845690174804098,0.5151822595840279,0.8392004245533345,0.7371091980063434
Shan (North),MMR222,Mongmit,MMR015017,70362.67475023259,25893,6472.633943680719,11,0,1,0,5,5,2,0.00866469114969735,2,0.13333333333333333,0.2833259298721227,0.06543070615331245,0.13697360812163625,0.6587166382737082,0.6069390224750001,0.26989748735808594,0.08800186049698482,0.4406481160982539
Shan (North),MMR222,Mabein,MMR015018,52661.4567789598,19379,4845.1459807339925,3,1,0,0,2,0,0,0.00155154333177427,1,0.06666666666666667,0.26401148486893405,0.01997664575805481,0.13882782192848733,0.689885649863102,0.6194638301943479,0.2032141005702437,0.02820314271871582,0.4125206879185207
Shan (North),MMR222,Muse,MMR015009,190888.0591530508,71329,17832.644545071726,339,191,49,12,56,31,323,0.3393128243013844,1,0.06666666666666667,0.2400900969055186,0.02137046937684128,0.02828845068067971,0.6060049705572845,0.0591427391806498,0.2114684142886558,0.17949458847492109,0.34347703181869443
Shan (North),MMR222,Namhkan,MMR015010,118919.91993078151,32000.474803373258,0,58,13,16,4,9,16,25,0.06924923104979042,1,0.06666666666666667,0.30785794844933106,0.03880394115249329,0.04477150350699294,0.6691910754723985,0.12044822636281392,0.28078065735858804,0.21569661108149296,0.4100300548684813
Shan (North),MMR222,Kutkai,MMR015011,194046.7688374802,74366,18591.573253793504,145,98,11,9,9,18,66,0.17007972654049597,NA,0,0.3259508930340895,0.05737683478495485,0.04691429488342099,0.7628971333954259,0.17439880255361695,0.46796082888606205,0.2676764833967876,0.5325460787592979
Shan (North),MMR222,Namhsan,MMR015016,80222.11539026989,18000.159464011853,0,33,9,5,1,8,10,10,0.03090302422433167,1,0.06666666666666667,0.31738741691311295,0.1489689386816717,0.09992257276834214,0.6934290262224581,0.5202923530120523,0.29150568839354074,0.27676251128911106,0.5082182449377274
Shan (North),MMR222,Manton,MMR015019,42887.56684089259,11999.434659827964,0,12,4,5,0,0,3,7,0.01126282660197201,1,0.06666666666666667,0.4067965640726549,0.15792361568352847,0.14390829287233697,0.8174074288694443,0.5720735630914752,0.4969032029729252,0.4483266886322615,0.6178297204592672
Shan (South),MMR222,Pindaya,MMR014006,88109.44569268427,32424,150,17,1,3,1,8,4,7,0.01860111553605262,1,0.06666666666666667,0.33159536645199156,0.0927831720332925,0.04769289743020407,0.720414201183432,0.4619127107293808,0.2267266091260828,0.10213540344536388,0.5084361708834025
Shan (South),MMR222,Ywangan,MMR014007,91697.01993504175,33745,150,57,8,5,0,27,17,60,0.04775625447506764,NA,0,0.3468371356499139,0.11213170840427102,0.07953975314514225,0.7601480420248328,0.6135051950116005,0.21603880845903137,0.10080970017188227,0.5217582750177798
Shan (South),MMR222,Langkho,MMR014018,44787.45905347584,12500.163110611034,0,NA,NA,NA,NA,NA,NA,NA,0,1,0.06666666666666667,0.38104095963205176,0.1856503505763372,0.1674717075379698,0.8149646107178969,0.4122221228210078,0.16538573508005827,0.4442742615074498,0.3518852745415594
Shan (South),MMR222,Mongnai,MMR014019,43815.29198563354,16124,50,3,1,0,0,1,1,1,0.00235303827125404,NA,0,0.4003206467292768,0.17774787109671086,0.16039589859218123,0.7408906882591093,0.3688612018677706,0.1953110168955261,0.4763740849714254,0.4829635588909452
Shan (South),MMR222,Mawkmai,MMR014020,37564.53550142687,6000.108914943583,0,1,1,0,0,0,0,0,6.716789653751758e-4,NA,0,0.5531506829659566,0.21144216091798496,0.21507128199464975,0.8599421357180431,0.6543370943625268,0.3096984195458645,0.5995684813939702,0.6258531775547731
Shan (South),MMR222,Mongpan,MMR014021,28805.03245814827,10600,50,3,2,1,0,0,0,4,0.00372614509689617,NA,0,0.4115768955682144,0.14898619894697593,0.19891256952501415,0.7803976281827695,0.4302442524765843,0.34485972597632586,0.5250157939331139,0.3984038361646611
Shan (South),MMR222,Loilen,MMR014011,138388.81539341103,50927,50,8,0,2,2,4,0,1,0.0149903506305501,NA,0,0.4519578659226585,0.21555854754930892,0.2002187223505745,0.7587407812073204,0.5514552994568602,0.25726080973419285,0.440518928123647,0.5080259747659293
Shan (South),MMR222,Laihka,MMR014012,54253.588674066115,19965,50,1,0,0,0,1,0,0,0.00412142009148504,NA,0,0.4317405806010094,0.20166092183913853,0.206410059231151,0.8375139246341182,0.6043426528818455,0.22334847078304945,0.4622318732685375,0.4060477793763212
Shan (South),MMR222,Nansang,MMR014013,129949.29419646224,47821,1000,9,4,0,0,5,0,3,0.00530590710259922,NA,0,0.4485496766150493,0.17912653871682396,0.2007528164319736,0.7532367149758454,0.5620224556419906,0.29936735004456816,0.44021238389762257,0.4587294535075426
Shan (South),MMR222,Kunhing,MMR014014,59333.30048455188,21835,50,2,0,0,0,1,1,0,0.00222624396540836,NA,0,0.5102657622500998,0.182413902570259,0.2415745296511335,0.8709058565000523,0.7913089569010482,0.41285122063565183,0.5407416550695139,0.39365572959598105
Shan (South),MMR222,Kyethi,MMR014015,82621.9792377435,31215,5000,31,23,1,0,6,1,2,0.02026150365800382,NA,0,0.5851598669419226,0.28748102156943045,0.2661930097001066,0.906569577555282,0.7923074959437837,0.5248610173013977,0.5810741911557393,0.4968868046854627
Shan (South),MMR222,Mongkaing,MMR014016,82544.20587231612,32294,50,55,13,13,0,19,10,11,0.0532774026122732,NA,0,0.554069738387353,0.2794213501307444,0.2701321604775096,0.9239163927691044,0.7546849709512756,0.47501297802387954,0.7334327149121701,0.4733028043325608
Shan (South),MMR222,Monghsu,MMR014017,80830.96973675858,29746,50,6,0,0,0,1,5,1,0.00608769402979512,1,0.06666666666666667,0.5180689562923433,0.2213202614932778,0.1974471612925368,0.8167112986556304,0.8366854198198163,0.40587252410624153,0.5508193143090174,0.4600516840544877
Shan (South),MMR222,Hopong,MMR014003,124824.02941479757,45935,50,7,1,1,0,5,0,1,0.00368860826847696,NA,0,0.3828547372549985,0.10327302024766634,0.0948779401724186,0.7699688993400592,0.5590630831617872,0.2587520581388747,0.380443755926166,0.548456699078326
Shan (South),MMR222,Hsihseng,MMR014004,170025.90940119364,63075,50,7,0,2,0,5,0,2,0.02180902659027058,1,0.06666666666666667,0.39027772950661943,0.08590792600273396,0.10571054681745053,0.6902148112983622,0.6342485005878187,0.2961570122611672,0.3312085801793796,0.6363981794178997
Shan (South),MMR222,Pinlaung,MMR014009,213606.77024246744,78645,50,11,4,1,0,5,1,24,0.03559149538324627,1,0.06666666666666667,0.35427393026291826,0.10113246164810356,0.06776070042143624,0.7533423901324018,0.45362106444932915,0.212981969849509,0.33534362534213996,0.5081100799333109
Shan (South),MMR222,Taunggyi,MMR014001,486701.276652264,179129,200,118,1,23,17,63,14,15,0.1634222067630745,2,0.13333333333333333,0.23016470682256904,0.0471340876806114,0.06801637236676748,0.5012662576470951,0.26568436793953676,0.18241130670090255,0.17156656981064833,0.43855783857577474
Shan (South),MMR222,Nyaungshwe,MMR014002,210440.28322149537,77442,20,15,3,0,0,4,8,41,0.03100710837159375,1,0.06666666666666667,0.28845993031774664,0.08741292412129052,0.1104507540840831,0.6557163329485292,0.41254848460895105,0.2511654750072141,0.16714879759783585,0.436094662835309
Shan (South),MMR222,Kalaw,MMR014005,206747.15941177213,76083,100,41,2,7,4,21,7,15,0.04828362615150934,1,0.06666666666666667,0.29594076190648366,0.06881883207970399,0.06130102618348564,0.6365398620571477,0.36448569432949834,0.25442784232529303,0.2157827702771545,0.4664291919131538
Shan (South),MMR222,Lawksawk,MMR014008,183022.9498121872,67352,20,17,5,4,0,8,0,2,0.01027406485863698,1,0.06666666666666667,0.34566196440527897,0.1108867357372744,0.09920790077734484,0.7094743080076051,0.4910112913448289,0.2665232799332563,0.2488039540194793,0.5113811590823509
Shan (South),MMR222,Pekon,MMR014010,115093.4703517542,48656,150,167,73,30,2,36,26,353,0.24999981932484663,1,0.06666666666666667,0.35115355853185615,0.07538683037759866,0.07930629925992798,0.6805351906158358,0.4391247317490245,0.23012623012623012,0.28028193664523343,0.6752494578143415
Tanintharyi,MMR006,Dawei,MMR006001,156104.6855057658,37777,5667.399944364489,141,29,14,18,51,29,124,0.20546101972521516,NA,0,0.2743677478452438,0.06960456443139147,0.0801175336658028,0.5190165921660732,0.40643472723587376,0.18686889743098,0.0628446872457162,0.4391732431285703
Tanintharyi,MMR006,Launglon,MMR006002,125675.93475263123,30414,4561.96356877042,86,17,4,2,35,28,43,0.0774575998985953,2,0.13333333333333333,0.343197321375226,0.0955520980354271,0.09855221703561608,0.7557152079988081,0.3920639016867848,0.286645618042909,0.0956117774449774,0.5932463368343566
Tanintharyi,MMR006,Thayetchaung,MMR006003,112233.8346799912,27161,4073.911803025714,48,17,3,0,14,14,60,0.04370914296159058,1,0.06666666666666667,0.32883427913852376,0.09644077553990428,0.10250347285009506,0.7023776379531155,0.4147197485288663,0.19942046483549647,0.0591088569829967,0.5934754055817788
Tanintharyi,MMR006,Yebyu,MMR006004,130260.37599431547,31675,4750.808359136868,59,10,16,2,20,11,32,0.05402076330247435,1,0.06666666666666667,0.3612216411301965,0.11641072873721234,0.09569371281571674,0.7190596874289241,0.4114116104276556,0.28020822488287345,0.1880179940564593,0.5674087265013527
Tanintharyi,MMR006,Kawthoung,MMR006009,148728.7911632599,35992,5399.144884661607,15,1,0,4,8,2,10,0.02994097867611855,2,0.13333333333333333,0.3349980923442301,0.1151062648394187,0.11861773416873764,0.5569,0.6850262871654993,0.29643836614944474,0.07668527262035701,0.5129113780228379
Tanintharyi,MMR006,Bokpyin,MMR006010,86800.59531694955,21006,3151.1383960730022,4,3,0,0,1,0,3,0.00287449940442585,NA,0,0.44009951098617206,0.24108301584453876,0.2350662761361363,0.6120377482716998,0.6903818653306102,0.3531912813996676,0.1128141673523288,0.6026958179255761
Tanintharyi,MMR006,Myeik,MMR006005,302183.2957380707,73128,10968.746370572688,53,7,6,7,22,11,55,0.07701304106054885,2,0.13333333333333333,0.3012857938388539,0.06042056550893445,0.12047706404899616,0.4851981793367583,0.733842351195355,0.2734644179059702,0.06551135743343989,0.4131686213751617
Tanintharyi,MMR006,Kyunsu,MMR006006,182435.48113600473,44149,6621.592059895221,5,2,0,0,2,1,2,0.00360449286152902,NA,0,0.47297376232609034,0.21063090318750277,0.14668713310888487,0.6848429209812208,0.7279362417711049,0.400363187560433,0.1532934231216385,0.5374493052298549
Tanintharyi,MMR006,Palaw,MMR006007,138077.08199467565,33964,5095.369450381044,86,29,16,0,23,18,118,0.07926135157264029,2,0.13333333333333333,0.3669641115067289,0.14770302375457356,0.13422595740014168,0.6284626210779038,0.664601896870405,0.2687277773838346,0.10351700225436976,0.5293179286151749
Tanintharyi,MMR006,Tanintharyi,MMR006008,113498.91102819463,27467,4119.989529703143,53,27,4,0,13,9,52,0.04632873634693125,4,0.26666666666666666,0.4356462295445314,0.1678897940777044,0.12717059984539056,0.6300617707618394,0.7702154851983037,0.32481783537531506,0.1343143100957137,0.5120800761411896
Yangon,MMR013,Thingangyun,MMR013009,243788.8109873174,68261.25,68261.13292380996,65,1,28,8,20,8,28,0.08546298784848438,2,0.13333333333333333,0.11133340703250824,0.00889542432210019,0.01697949374990983,0.23668549122498284,0.0166132321696572,0.16568397185894757,0.04999361341201547,0.25391009175626716
Yangon,MMR013,Yankin,MMR013010,82563.23088085231,23117.5,23118.295357134808,26,0,11,4,9,2,2,0.03604215875978249,2,0.13333333333333333,0.09164684837306177,0.00528983488123455,0.01384390981063357,0.18017936201611984,0.0062759967809334,0.1165715726759764,0.03918370841897213,0.22349853141192805
Yangon,MMR013,South Okkalapa,MMR013011,187509.9813789108,52502.5,52503.20521470707,56,1,22,10,15,8,3,0.08677681145065066,2,0.13333333333333333,0.09850602133206456,0.00799889619376846,0.02401336685262493,0.2040100602210443,0.01106101925135715,0.14078979301736994,0.02881099703579383,0.2241701427877956
Yangon,MMR013,North Okkalapa,MMR013012,387868.8990213952,108603.75,108602.70827479297,59,3,24,9,13,10,20,0.08763860066012541,3,0.2,0.1266885751222373,0.01524489225318177,0.02978081739007009,0.26198340283225297,0.05064623375631058,0.19311072249459735,0.03765432771405024,0.26604405780978624
Yangon,MMR013,Thaketa,MMR013013,256671.4959286959,71867.5,71867.9811399701,86,6,28,19,17,16,28,0.1572219168556064,2,0.13333333333333333,0.1257078530591666,0.03812875363594121,0.02924212904096129,0.26413526555317546,0.02702109474584113,0.16864638743996285,0.04587628585322032,0.25443090335094615
Yangon,MMR013,Dawbon,MMR013014,87659.28122938855,24545,24545.401262330943,31,1,11,3,9,7,8,0.03752375666370795,2,0.13333333333333333,0.14896955041104787,0.01275181970073213,0.02506157444359825,0.4079368064698138,0.01946367847304875,0.20592996108949413,0.07052311333400424,0.30238400722040815
Yangon,MMR013,Tamwe,MMR013015,192382.59220542855,53867.5,53866.87418277388,81,1,21,26,25,8,10,0.1800705742938893,2,0.13333333333333333,0.10072585294014318,0.0017012179404846,0.00367026849385782,0.1707233559647029,0.00182369180530017,0.11196853798956674,0.02610296711060061,0.2153328468593506
Yangon,MMR013,Pazundaung,MMR013016,56389.38562190537,15788.75,15788.97202591606,21,0,7,2,8,4,4,0.0243012608072333,2,0.13333333333333333,0.10115573412243584,0.00274507559072381,0.00311513116078704,0.16062311820918973,0.0038959343957332,0.09993135011441644,0.03641651440607153,0.20821206611119275
Yangon,MMR013,Botahtaung,MMR013017,47707.829193478705,13358.75,13357.807828590629,17,1,6,1,5,4,8,0.0179980319278605,2,0.13333333333333333,0.09017725645462692,0.00241160180588796,0.00468535980397788,0.14250643436943178,0.00456430054852358,0.1025843307943417,0.02853962855975943,0.21235322047220637
Yangon,MMR013,Dagon Myothit (South),MMR013018,432502.10729209863,121100,121101.4099596002,83,8,28,10,16,21,51,0.1170161191182393,2,0.13333333333333333,0.1692368846570303,0.04817583264318039,0.03622840526259491,0.3617257182279604,0.09621925818675124,0.2427682647671905,0.07396341563135708,0.3272550187822544
Yangon,MMR013,Dagon Myothit (North),MMR013019,237343.97727409672,66456.25,66455.6863647331,71,3,23,9,24,12,32,0.09568171839227786,2,0.13333333333333333,0.11526283365659064,0.01457466464115762,0.02628980059824428,0.20100159161428277,0.03899097351543292,0.1614011527055006,0.02905753395041953,0.26907670772101655
Yangon,MMR013,Dagon Myothit (East),MMR013020,192749.1726712401,53970,53970.23165304706,20,0,7,0,11,2,8,0.0129031435285817,4,0.26666666666666666,0.18891230773658635,0.05480356539136686,0.03840054642910313,0.35650832549285605,0.1799254347893484,0.27983791573330286,0.06273049772657294,0.3248378777509675
Yangon,MMR013,Dagon Myothit (Seikkan),MMR013021,194867.1931403737,54562.5,54563.18592132887,33,0,11,4,7,11,15,0.0468945122642983,3,0.2,0.20734032379119977,0.06540464339278845,0.03849799196506327,0.40453250717779365,0.26199193521312436,0.27720790953131635,0.08255502765984488,0.34280532831397253
Yangon,MMR013,Mingalartaungnyunt,MMR013022,154189.56265790385,43172.5,43172.9224559262,33,0,10,12,3,8,7,0.08433034094192965,3,0.2,0.11455031474292812,0.00756040827833675,0.00864623457381215,0.1946303677521245,0.0077458715723487,0.13803731298184418,0.03934589207330874,0.25387856718943735
Yangon,MMR013,Insein,MMR013001,355272.33125192724,99476.25,99475.74725010256,97,0,33,19,25,20,21,0.1635258558879851,2,0.13333333333333333,0.13750976941448387,0.0193591718454285,0.04564959020313711,0.2621408090667964,0.04612954146779855,0.1814417750493048,0.03989073455007431,0.2732901279495887
Yangon,MMR013,Mingaladon,MMR013002,385882.3820209496,108047.5,108046.9330341756,65,5,24,0,22,14,18,0.04723445503126827,3,0.2,0.14768271662016416,0.02823804199441377,0.0472916534305679,0.29483191278818666,0.0480935644952436,0.20376282581530825,0.03713150372735538,0.3002570862633242
Yangon,MMR013,Hmawbi,MMR013003,284660.787304043,79705,79704.9795548732,15,0,10,0,3,2,4,0.01085658713239563,2,0.13333333333333333,0.25349952858488617,0.04953788675867481,0.06478657252268731,0.4720289048624503,0.19732794006421336,0.2883771875724668,0.0826358133331082,0.3736264010883144
Yangon,MMR013,Hlegu,MMR013004,315074.1647437887,88221.25,88221.23387235914,31,2,5,0,14,10,7,0.02288427412425538,1,0.06666666666666667,0.26469599899991675,0.1392703571470353,0.07179342306967408,0.5242769363789059,0.20284029251799263,0.31100331239705326,0.10177685163347774,0.40604546078189474
Yangon,MMR013,Taikkyi,MMR013005,322669.94474490674,90347.5,90348.4154733367,15,1,4,2,5,3,13,0.02177787568112173,3,0.2,0.3335209128960383,0.08892235294002954,0.08778223207740478,0.6234309068230673,0.30395355606447094,0.3495189356976647,0.10315148937481863,0.407134599168873
Yangon,MMR013,Htantabin,MMR013006,169665.07705270514,47506.25,47505.77842627601,4,1,2,0,0,1,4,0.00391668399475103,2,0.13333333333333333,0.3723920696327424,0.2379928868387354,0.07855503716796883,0.6733996476774526,0.3628938134149693,0.33565162747645616,0.07836079643453123,0.42192038780685576
Yangon,MMR013,Shwepyithar,MMR013007,399777.52729647426,111937.5,111938.2923577508,60,2,28,5,12,13,34,0.0723510080537203,4,0.26666666666666666,0.17898543234570816,0.03209502961880346,0.06167471776253752,0.3578468946010429,0.12067746101191423,0.2531053697198331,0.05440055431382175,0.33095023724068223
Yangon,MMR013,Hlaingtharya,MMR013008,800503.5088140167,227976.27210950773,227976,131,8,60,7,31,25,82,0.1374230011861381,NA,0,0.17614533484103229,0.03943878893012692,0.05920191000218056,0.41700019702215096,0.10748154591455553,0.26099458728010827,0.05591465486550356,0.30711815228097894
Yangon,MMR013,Thanlyin,MMR013023,311957.6489106349,87348.75,87347.8583052521,54,7,14,2,14,17,21,0.0530825076435155,3,0.2,0.2700940354954899,0.11559701608238888,0.2200256603412217,0.4927592692101021,0.35783380451790203,0.27983351846151794,0.05045522634177396,0.343855972782608
Yangon,MMR013,Kyauktan,MMR013024,194867.1931403737,54562.5,54563.18592132887,8,0,1,0,2,5,6,0.00790426836689973,4,0.26666666666666666,0.3657663015604236,0.3449308319904835,0.2914856290284604,0.6937593462372839,0.48230101222543154,0.3007922328438526,0.09331968898976468,0.3413728857984426
Yangon,MMR013,Thongwa,MMR013025,183727.80196974368,51443.75,51444.21544937408,11,0,2,0,7,2,4,0.00719691630196356,4,0.26666666666666666,0.43233058335615265,0.3851145213455904,0.2841950789873809,0.6846331561357468,0.5606012213274733,0.2807067474846927,0.12587531460362256,0.3809694903899518
Yangon,MMR013,Kayan,MMR013026,183894.21786374704,51490,51489.61900097004,28,5,6,0,11,6,24,0.02222794320117417,3,0.2,0.3915090990973464,0.31403449031434505,0.26745232060163143,0.6826925284058304,0.5688377485522533,0.3403825774862509,0.06686790823872307,0.3983361190186422
Yangon,MMR013,Twantay,MMR013027,263979.8302947172,73913.75,73913.64751916009,38,5,8,1,16,8,18,0.03268362083628264,3,0.2,0.40382070055381947,0.2627404660374511,0.2911415012191691,0.6937065898695578,0.5689804910964512,0.3018068780044314,0.10331807381305724,0.42002486784629617
Yangon,MMR013,Kawhmu,MMR013028,138544.1411265676,38792.50000000001,38791.640487892946,26,5,1,0,9,11,24,0.02346887251265146,3,0.2,0.4762936305994079,0.2677698118924379,0.3178127815371785,0.7350561693865285,0.5464692953156814,0.2705495344064843,0.09857249428575549,0.4133381992535867
Yangon,MMR013,Kungyangon,MMR013029,129911.46209358246,36375,36374.7906150022,15,1,3,2,3,6,16,0.02394486773735681,3,0.2,0.3582165385892552,0.2486692285994078,0.3132205588938757,0.6829574540010624,0.5172339852199171,0.32298913639855154,0.02334554788804714,0.4076959854548079
Yangon,MMR013,Dala,MMR013030,201161.9034247383,56325,56324.6670430415,10,0,4,2,4,0,8,0.01666229628110853,3,0.2,0.3171672415301649,0.3231298531677019,0.25676602755447075,0.5839152340124629,0.3524777737412485,0.33940466796055757,0.13597155669989716,0.39798333592692786
Yangon,MMR013,Seikgyikanaungto,MMR013031,39570.90659997209,11080,11080.146153935675,3,1,0,1,1,0,0,0.0066486712651213,2,0.13333333333333333,0.2585003594146831,0.33243640078177517,0.2252797112277998,0.5012097001069038,0.1605551543750659,0.27196438995913597,0.06506714573165853,0.4172695859349627
Yangon,MMR013,Cocokyun,MMR013032,2257.670170395138,632.5,631.8523867747328,NA,NA,NA,NA,NA,NA,NA,0,NA,0,0.1959591444655035,0.21017889344047333,0.08573368726465354,0.4241379310344827,0.04845689899804144,0.1559362079149439,0.13298167425089022,0.2147628400549936
Yangon,MMR013,Kyauktada,MMR013033,34741.35443134332,9727.5,9728.420777423498,94,2,20,11,51,10,11,0.1107901741325088,2,0.13333333333333333,0.11139361381222164,0.00798561646068206,0.00237988694522233,0.134953897736798,3.466616955617864e-4,0.08156678647399696,0.0402583139516366,0.18613021965914284
Yangon,MMR013,Pabedan,MMR013034,38794.68701045995,10862.5,10863.487658962093,7,0,3,0,3,1,1,0.00459349850848931,2,0.13333333333333333,0.15020883157064832,0.0025053948980727,0.00200988270156166,0.194608712793219,1.6163108158142588e-4,0.1011496571198064,0.0463659166078292,0.2388653980202906
Yangon,MMR013,Lanmadaw,MMR013035,54882.332595791086,15367.5,15366.946873362169,20,0,10,2,5,3,3,0.02377231197116668,2,0.13333333333333333,0.09906674755103184,0.003718143809111,0.00493756031786396,0.14422259260519066,7.401684766268939e-4,0.0679064078461572,0.02423484492730488,0.14507644887377835
Yangon,MMR013,Latha,MMR013036,29160.02137092318,8165,8165.194020751816,7,0,4,0,1,2,2,0.00563248621017332,2,0.13333333333333333,0.11486359489745812,0.00234857822533466,0.00347121432122709,0.17729257641921392,2.3715287020323e-4,0.07044760935910477,0.04464534128982946,0.13513308783213604
Yangon,MMR013,Ahlone,MMR013037,64567.03937827991,18078.75,18079.228976981663,19,1,10,3,3,2,5,0.02827928988911079,2,0.13333333333333333,0.10603919732345396,0.01264684865759827,0.0281514709764264,0.16768910152924943,0.00528308242427476,0.09490288357994658,0.02861016456237893,0.2093657433238461
Yangon,MMR013,Kyeemyindaing,MMR013038,129774.13988734195,36336.25,36337.24083314043,33,1,15,5,5,7,11,0.04996737827071881,2,0.13333333333333333,0.1988529693618697,0.2584776009009339,0.07628700785796315,0.30370381931979584,0.07803405574334196,0.17632465000886055,0.07095734219805172,0.3039692670064476
Yangon,MMR013,Sanchaung,MMR013039,115931.36324979032,32461.25,32461.218291526653,82,3,21,19,30,9,11,0.1460955994474907,2,0.13333333333333333,0.08994718082943112,0.00336445874167363,0.01890439586040196,0.13572070049393803,0.00118236249738977,0.07644682532712743,0.02211929622525963,0.1923657556829103
Yangon,MMR013,Hlaing,MMR013040,186556.8721678007,52236.25,52236.07579312577,88,3,30,14,23,18,25,0.13329965940361024,2,0.13333333333333333,0.1142631784079798,0.00575854759066265,0.03885680518605287,0.1915089044241466,0.00583097281449713,0.11452436452436454,0.03447515006453883,0.2258905582270593
Yangon,MMR013,Kamaryut,MMR013041,98416.9632165703,27556.25,27557.2503016338,51,4,12,9,18,8,12,0.07905892630109274,2,0.13333333333333333,0.08074875544298987,0.00240998080587831,0.01496370994281991,0.1186759377142298,0.0013341976908148,0.07681411370806779,0.017577972301641442,0.17744403708359713
Yangon,MMR013,Mayangone,MMR013042,230553.5105502536,64555,64555.01704593349,63,3,28,5,16,11,19,0.07048159676443169,3,0.2,0.13388569079087564,0.00998072004135234,0.05749070093291873,0.22317482840267033,0.01038725538174155,0.1497811417107423,0.03564909582175103,0.25461466521435494
Yangon,MMR013,Dagon,MMR013043,29189.115058686,8172.5,8173.04778384729,6,0,4,1,1,0,0,0.00868669208136125,2,0.13333333333333333,0.08190721230850719,0.00277537487973469,0.0156250242541573,0.1382823871906841,0.00230205032209,0.07784748608288417,0.02303784195620945,0.21553284647999868
Yangon,MMR013,Bahan,MMR013044,112571.6241869394,31520,31519.94522775214,36,0,18,4,9,5,4,0.04436857130394668,2,0.13333333333333333,0.10518186449199664,0.00954068959001675,0.02867790851287865,0.1563560732113145,0.00255669465818888,0.0919336242172134,0.02616817143868701,0.19743839195812737
Yangon,MMR013,Seikkan,MMR013045,3288.7504647096184,921.25,921.149894272878,NA,NA,NA,NA,NA,NA,NA,0,NA,0,0.17764643407057296,0.00222803614038644,0.02111341947997994,0.25814536340852134,0.00905547990113835,0.17630744849445323,0.01423882598862861,0.23842047425449375
