admin3_pcode,battles,explosions_remote_violence,protests_and_riots,strategic_developments,violence_against_civilians,fatalities,conflict_score,index_battles,index_explosions_remote_violence,index_violence_against_civilians,index_fatalities,index_strategic_developments,index_protests_and_riots,env_battles,env_explosions_remote_violence,env_violence_against_civilians,env_fatalities,score_env,admin1,admin3
MMR001001,20,42,21,43,24,54,0.26609480360432236,0.10050251256281408,0.3471074380165289,0.2926829268292683,0.04891304347826088,0.20975609756097563,0.6,0.10050251256281408,0.34710743801652894,0.2926829268292683,0.04891304347826087,0.19730148022171803,Kachin,Myitkyina
MMR001002,53,41,2,15,8,30,0.15672872738317978,0.2663316582914573,0.33884297520661155,0.0975609756097561,0.027173913043478274,0.07317073170731708,0.05714285714285714,0.2663316582914573,0.33884297520661155,0.0975609756097561,0.02717391304347826,0.18247738053782578,Kachin,Waingmaw
MMR001003,10,1,0,1,0,10,0.010090404630328547,0.05025125628140704,0.008264462809917364,0,0.009057971014492761,0.004878048780487804,0,0.05025125628140704,0.008264462809917356,0,0.009057971014492754,0.016893422526454288,Kachin,Injangyang
MMR001004,41,19,0,12,3,58,0.05977003177490971,0.20603015075376885,0.15702479338842976,0.036585365853658534,0.05253623188405798,0.05853658536585366,0,0.20603015075376885,0.15702479338842976,0.036585365853658534,0.05253623188405797,0.11304413546997878,Kachin,Tanai
MMR001005,0,0,0,5,0,0,0.007011454181775862,0,0,0,0,0.024390243902439036,0,0,0,0,0,0,Kachin,Chipwi
MMR001006,3,0,0,0,0,6,0.0028374546694445,0.015075376884422119,0,0,0.005434782608695659,0,0,0.01507537688442211,0,0,0.005434782608695652,0.0051275398732794405,Kachin,Tsawlaw
MMR001007,30,34,8,24,18,201,0.1583860701674368,0.15075376884422112,0.2809917355371901,0.21951219512195122,0.18206521739130438,0.11707317073170732,0.2285714285714286,0.1507537688442211,0.2809917355371901,0.21951219512195122,0.18206521739130435,0.2083307292236667,Kachin,Mohnyin
MMR001008,15,12,6,12,9,18,0.08796679598762684,0.07537688442211056,0.09917355371900827,0.10975609756097561,0.01630434782608697,0.05853658536585366,0.17142857142857143,0.07537688442211055,0.09917355371900827,0.10975609756097561,0.016304347826086956,0.07515272088204535,Kachin,Mogaung
MMR001009,109,91,11,44,39,235,0.3268322298840014,0.5477386934673367,0.7520661157024794,0.475609756097561,0.21286231884057977,0.2146341463414634,0.31428571428571433,0.5477386934673367,0.7520661157024794,0.47560975609756095,0.2128623188405797,0.49706922102698914,Kachin,Hpakant
MMR001010,12,21,1,31,8,22,0.07847541689991762,0.06030150753768845,0.17355371900826444,0.0975609756097561,0.01992753623188407,0.15121951219512197,0.028571428571428567,0.06030150753768844,0.17355371900826447,0.0975609756097561,0.019927536231884056,0.08783593459689826,Kachin,Bhamo
MMR001011,55,16,1,13,9,237,0.10339007456624663,0.27638190954773867,0.1322314049586777,0.10975609756097561,0.21467391304347833,0.06341463414634146,0.028571428571428567,0.27638190954773867,0.1322314049586777,0.10975609756097561,0.21467391304347827,0.18326083127771756,Kachin,Shwegu
MMR001012,107,79,0,14,12,139,0.21851222818610047,0.5376884422110553,0.6528925619834711,0.14634146341463414,0.1259057971014493,0.06829268292682927,0,0.5376884422110553,0.6528925619834711,0.14634146341463414,0.12590579710144928,0.3657070661776524,Kachin,Momauk
MMR001013,31,19,0,1,0,9,0.06343307147042196,0.15577889447236185,0.15702479338842976,0,0.008152173913043485,0.004878048780487804,0,0.15577889447236182,0.15702479338842976,0,0.008152173913043478,0.08023896544345877,Kachin,Mansi
MMR001014,32,8,0,25,8,66,0.06319417699409621,0.16080402010050251,0.06611570247933883,0.0975609756097561,0.05978260869565219,0.12195121951219512,0,0.16080402010050251,0.06611570247933884,0.0975609756097561,0.059782608695652176,0.0960658267213124,Kachin,Puta-O
MMR001015,21,1,0,3,2,22,0.022949782742223222,0.10552763819095477,0.008264462809917364,0.024390243902439025,0.01992753623188407,0.014634146341463426,0,0.10552763819095477,0.008264462809917356,0.024390243902439025,0.019927536231884056,0.039527470283798806,Kachin,Sumprabum
MMR001016,1,0,0,1,0,0,0.0011130481937171833,0.005025125628140704,0,0,0,0.004878048780487804,0,0.005025125628140704,0,0,0,0.001256281407035176,Kachin,Machanbaw
MMR001017,0,0,0,5,1,0,0.003544645759527512,0,0,0.012195121951219513,0,0.024390243902439036,0,0,0,0.012195121951219513,0,0.003048780487804878,Kachin,Nawngmun
MMR001018,0,0,0,0,1,0,0.0011290294539075677,0,0,0.012195121951219513,0,0,0,0,0,0.012195121951219513,0,0.003048780487804878,Kachin,Khaunglanhpu
MMR002001,86,52,11,54,33,282,0.32538158089397273,0.43216080402010054,0.4297520661157025,0.4024390243902439,0.2554347826086957,0.26341463414634153,0.31428571428571433,0.4321608040201005,0.4297520661157025,0.4024390243902439,0.2554347826086957,0.3799466692836857,Kayah,Loikaw
MMR002002,199,82,1,53,30,794,0.4898227867449987,1,0.6776859504132232,0.3658536585365854,0.7192028985507247,0.2585365853658537,0.028571428571428567,1,0.6776859504132231,0.36585365853658536,0.7192028985507246,0.6906856268751332,Kayah,Demoso
MMR002003,66,17,0,9,5,240,0.14576571618438222,0.3316582914572864,0.14049586776859505,0.06097560975609756,0.2173913043478261,0.043902439024390255,0,0.3316582914572864,0.14049586776859505,0.06097560975609756,0.21739130434782608,0.18763026833245125,Kayah,Hpruso
MMR002004,16,0,0,0,0,47,0.01680231910396823,0.08040201005025126,0,0,0.04257246376811596,0,0,0.08040201005025126,0,0,0.042572463768115944,0.030743618454591802,Kayah,Shadaw
MMR002005,24,3,0,9,3,61,0.03337288481058668,0.1206030150753769,0.02479338842975207,0.036585365853658534,0.055253623188405813,0.043902439024390255,0,0.12060301507537688,0.024793388429752067,0.036585365853658534,0.0552536231884058,0.05930884813679832,Kayah,Bawlake
MMR002006,4,0,0,0,0,0,0.0028641150905779813,0.02010050251256282,0,0,0,0,0,0.020100502512562814,0,0,0,0.005025125628140704,Kayah,Hpasawng
MMR003001,26,28,6,31,15,92,0.1279070168253706,0.1306532663316583,0.23140495867768593,0.1829268292682927,0.08333333333333336,0.15121951219512197,0.17142857142857143,0.1306532663316583,0.23140495867768596,0.18292682926829268,0.08333333333333333,0.15707959690274256,Kayin,Hpa-An
MMR003002,1,6,0,5,2,9,0.03067512540333648,0.005025125628140704,0.049586776859504134,0.024390243902439025,0.008152173913043485,0.024390243902439036,0,0.005025125628140704,0.049586776859504134,0.024390243902439025,0.008152173913043478,0.021788580075781834,Kayin,Hlaingbwe
MMR003003,83,79,0,36,10,375,0.2642319085339641,0.4170854271356784,0.6528925619834711,0.12195121951219512,0.33967391304347827,0.175609756097561,0,0.41708542713567837,0.6528925619834711,0.12195121951219512,0.33967391304347827,0.38290078041870573,Kayin,Hpapun
MMR003004,22,13,0,5,4,91,0.08611751233958756,0.11055276381909548,0.10743801652892562,0.04878048780487805,0.08242753623188408,0.024390243902439036,0,0.11055276381909548,0.10743801652892562,0.04878048780487805,0.08242753623188406,0.08729970109619581,Kayin,Thandaunggyi
MMR003005,112,70,8,50,13,568,0.3723729146305275,0.5628140703517588,0.578512396694215,0.15853658536585366,0.5144927536231886,0.24390243902439024,0.2285714285714286,0.5628140703517588,0.5785123966942148,0.15853658536585366,0.5144927536231884,0.4535889515087539,Kayin,Myawaddy
MMR003006,72,43,3,26,10,229,0.1995788844157535,0.36180904522613067,0.35537190082644626,0.12195121951219512,0.20742753623188412,0.12682926829268293,0.08571428571428572,0.36180904522613067,0.35537190082644626,0.12195121951219512,0.20742753623188406,0.26163992544916403,Kayin,Kawkareik
MMR003007,29,25,2,10,12,43,0.10156784181001252,0.1457286432160804,0.20661157024793392,0.14634146341463414,0.038949275362318854,0.04878048780487806,0.05714285714285714,0.1457286432160804,0.2066115702479339,0.14634146341463414,0.03894927536231884,0.1344077380602418,Kayin,Kyainseikgyi
MMR004001,41,19,1,48,13,318,0.1263363057165449,0.20603015075376885,0.15702479338842976,0.15853658536585366,0.2880434782608696,0.23414634146341465,0.028571428571428567,0.20603015075376885,0.15702479338842976,0.15853658536585366,0.28804347826086957,0.20240875194223046,Chin,Falam
MMR004002,52,12,7,37,8,207,0.16334428240967921,0.2613065326633166,0.09917355371900827,0.0975609756097561,0.18750000000000006,0.18048780487804877,0.2,0.2613065326633166,0.09917355371900827,0.0975609756097561,0.1875,0.16138526549802024,Chin,Hakha
MMR004003,26,9,0,29,4,134,0.1073075798838026,0.1306532663316583,0.0743801652892562,0.04878048780487805,0.12137681159420292,0.14146341463414633,0,0.1306532663316583,0.0743801652892562,0.04878048780487805,0.1213768115942029,0.09379768275499886,Chin,Thantlang
MMR004004,29,8,0,14,12,137,0.061341896218143205,0.1457286432160804,0.06611570247933883,0.14634146341463414,0.12409420289855075,0.06829268292682927,0,0.1457286432160804,0.06611570247933884,0.14634146341463414,0.12409420289855072,0.12057000300215102,Chin,Tedim
MMR004005,2,0,0,1,0,12,0.00384178498115383,0.010050251256281416,0,0,0.010869565217391311,0.004878048780487804,0,0.010050251256281407,0,0,0.010869565217391304,0.005229954118418178,Chin,Tonzang
MMR004006,97,29,1,46,11,451,0.20425095463094248,0.4874371859296483,0.23966942148760328,0.13414634146341464,0.4085144927536232,0.22439024390243903,0.028571428571428567,0.48743718592964824,0.2396694214876033,0.13414634146341464,0.40851449275362317,0.31744186040857236,Chin,Mindat
MMR004007,54,20,1,42,11,266,0.1433884533738137,0.271356783919598,0.1652892561983471,0.13414634146341464,0.2409420289855073,0.20487804878048782,0.028571428571428567,0.271356783919598,0.1652892561983471,0.13414634146341464,0.24094202898550723,0.20293360264171675,Chin,Matupi
MMR004008,49,3,0,18,5,171,0.08413325590580249,0.24623115577889446,0.02479338842975207,0.06097560975609756,0.1548913043478261,0.0878048780487805,0,0.24623115577889448,0.024793388429752067,0.06097560975609756,0.15489130434782608,0.12172286457814255,Chin,Kanpetlet
MMR004009,24,11,1,17,4,72,0.05634978736509326,0.1206030150753769,0.0909090909090909,0.04878048780487805,0.06521739130434784,0.08292682926829269,0.028571428571428567,0.12060301507537688,0.09090909090909091,0.04878048780487805,0.06521739130434782,0.08137749627342342,Chin,Paletwa
MMR005001,17,49,4,63,16,127,0.14292923205077696,0.08542713567839197,0.4049586776859504,0.1951219512195122,0.115036231884058,0.3073170731707317,0.11428571428571428,0.08542713567839195,0.4049586776859504,0.1951219512195122,0.11503623188405797,0.20013599911697813,Sagaing,Sagaing
MMR005002,30,84,2,25,14,385,0.26416161286800216,0.15075376884422112,0.6942148760330579,0.17073170731707316,0.34873188405797106,0.12195121951219512,0.05714285714285714,0.1507537688442211,0.6942148760330579,0.17073170731707318,0.348731884057971,0.3411080590630808,Sagaing,Myinmu
MMR005003,42,61,0,63,23,385,0.3024721988296618,0.21105527638190955,0.5041322314049587,0.2804878048780488,0.34873188405797106,0.3073170731707317,0,0.21105527638190955,0.5041322314049587,0.2804878048780488,0.348731884057971,0.336101799180722,Sagaing,Myaung
MMR005004,31,76,13,55,41,323,0.3878131706952474,0.15577889447236185,0.628099173553719,0.5,0.292572463768116,0.2682926829268293,0.3714285714285715,0.15577889447236182,0.628099173553719,0.5,0.29257246376811596,0.3941126329485492,Sagaing,Shwebo
MMR005005,68,73,2,100,81,428,0.34453133484835335,0.3417085427135679,0.6033057851239669,0.9878048780487804,0.38768115942028997,0.4878048780487805,0.05714285714285714,0.3417085427135678,0.6033057851239669,0.9878048780487805,0.38768115942028986,0.5801250913266512,Sagaing,Khin-U
MMR005006,30,43,1,69,34,248,0.18273518034719585,0.15075376884422112,0.35537190082644626,0.41463414634146345,0.22463768115942032,0.33658536585365856,0.028571428571428567,0.1507537688442211,0.35537190082644626,0.4146341463414634,0.2246376811594203,0.28634937429288776,Sagaing,Wetlet
MMR005007,22,39,1,58,35,254,0.15718367871107333,0.11055276381909548,0.3223140495867769,0.4268292682926829,0.230072463768116,0.2829268292682927,0.028571428571428567,0.11055276381909548,0.32231404958677684,0.4268292682926829,0.23007246376811594,0.2724421363666678,Sagaing,Kanbalu
MMR005008,7,17,0,30,14,68,0.10689199495427384,0.035175879396984924,0.14049586776859505,0.17073170731707316,0.06159420289855074,0.14634146341463417,0,0.035175879396984924,0.14049586776859505,0.17073170731707318,0.06159420289855073,0.10199941434530098,Sagaing,Kyunhla
MMR005009,34,51,0,58,26,331,0.24833861049487016,0.17085427135678394,0.42148760330578516,0.3170731707317073,0.2998188405797102,0.2829268292682927,0,0.1708542713567839,0.4214876033057851,0.3170731707317073,0.29981884057971014,0.30230847149349666,Sagaing,Ye-U
MMR005010,31,71,1,89,30,360,0.4171145004806312,0.15577889447236185,0.5867768595041323,0.3658536585365854,0.32608695652173914,0.43414634146341463,0.028571428571428567,0.15577889447236182,0.5867768595041323,0.36585365853658536,0.32608695652173914,0.3586240922587046,Sagaing,Tabayin
MMR005011,27,66,1,68,49,385,0.3933187751919591,0.135678391959799,0.5454545454545454,0.5975609756097561,0.34873188405797106,0.33170731707317075,0.028571428571428567,0.135678391959799,0.5454545454545454,0.5975609756097561,0.348731884057971,0.40685644927051784,Sagaing,Taze
MMR005012,52,115,15,93,75,330,0.38875550783020213,0.2613065326633166,0.9504132231404959,0.9146341463414633,0.2989130434782609,0.45365853658536587,0.4285714285714286,0.2613065326633166,0.9504132231404959,0.9146341463414634,0.29891304347826086,0.6063167364058841,Sagaing,Monywa
MMR005013,26,41,0,28,22,201,0.22985465852995185,0.1306532663316583,0.33884297520661155,0.2682926829268293,0.18206521739130438,0.13658536585365855,0,0.1306532663316583,0.33884297520661155,0.2682926829268293,0.18206521739130435,0.22996353546410087,Sagaing,Budalin
MMR005014,25,49,0,39,28,179,0.19295250187492397,0.1256281407035176,0.4049586776859504,0.3414634146341463,0.16213768115942032,0.19024390243902442,0,0.12562814070351758,0.4049586776859504,0.34146341463414637,0.1621376811594203,0.2585469785457587,Sagaing,Ayadaw
MMR005015,26,50,1,22,18,528,0.16467557702855962,0.1306532663316583,0.4132231404958677,0.21951219512195122,0.47826086956521746,0.1073170731707317,0.028571428571428567,0.1306532663316583,0.4132231404958678,0.21951219512195122,0.4782608695652174,0.31041236787867366,Sagaing,Chaung-U
MMR005016,100,88,5,108,53,593,0.4600514159968249,0.5025125628140703,0.7272727272727272,0.6463414634146342,0.5371376811594203,0.526829268292683,0.14285714285714285,0.5025125628140703,0.7272727272727273,0.6463414634146342,0.5371376811594203,0.603316108665213,Sagaing,Yinmarbin
MMR005017,99,51,0,113,45,727,0.3440241390786436,0.4974874371859297,0.42148760330578516,0.5487804878048781,0.6585144927536232,0.551219512195122,0,0.49748743718592964,0.4214876033057851,0.5487804878048781,0.6585144927536232,0.531567505262554,Sagaing,Kani
MMR005018,16,33,0,29,25,165,0.11199109685085151,0.08040201005025126,0.2727272727272727,0.3048780487804878,0.14945652173913043,0.14146341463414633,0,0.08040201005025126,0.2727272727272727,0.3048780487804878,0.14945652173913043,0.20186596332428552,Sagaing,Salingyi
MMR005019,91,58,0,53,29,674,0.464754342574106,0.45728643216080406,0.4793388429752066,0.35365853658536583,0.6105072463768116,0.2585365853658537,0,0.457286432160804,0.4793388429752066,0.35365853658536583,0.6105072463768116,0.475197764524547,Sagaing,Pale
MMR005020,70,43,0,51,8,667,0.1923356013417893,0.35175879396984927,0.35537190082644626,0.0975609756097561,0.6041666666666667,0.24878048780487805,0,0.35175879396984927,0.35537190082644626,0.0975609756097561,0.6041666666666666,0.35221458426817953,Sagaing,Katha
MMR005021,29,19,2,10,6,206,0.0870654663589917,0.1457286432160804,0.15702479338842976,0.07317073170731707,0.18659420289855075,0.04878048780487806,0.05714285714285714,0.1457286432160804,0.15702479338842976,0.07317073170731707,0.18659420289855072,0.1406295928025945,Sagaing,Indaw
MMR005022,41,70,0,29,19,481,0.17156422651304795,0.20603015075376885,0.578512396694215,0.23170731707317072,0.4356884057971015,0.14146341463414633,0,0.20603015075376885,0.5785123966942148,0.23170731707317074,0.43568840579710144,0.362984567579564,Sagaing,Tigyaing
MMR005023,15,4,0,2,7,79,0.033254409477920965,0.07537688442211056,0.033057851239669415,0.08536585365853658,0.07155797101449277,0.009756097560975608,0,0.07537688442211055,0.03305785123966942,0.08536585365853659,0.07155797101449275,0.06633964008370233,Sagaing,Banmauk
MMR005024,23,21,3,30,11,318,0.19152184596137753,0.11557788944723618,0.17355371900826444,0.13414634146341464,0.2880434782608696,0.14634146341463417,0.08571428571428572,0.11557788944723618,0.17355371900826447,0.13414634146341464,0.28804347826086957,0.1778303570449462,Sagaing,Kawlin
MMR005025,10,3,0,6,3,45,0.05400617589997354,0.05025125628140704,0.02479338842975207,0.036585365853658534,0.04076086956521741,0.029268292682926838,0,0.05025125628140704,0.024793388429752067,0.036585365853658534,0.04076086956521739,0.03809772003250876,Sagaing,Wuntho
MMR005026,24,6,1,19,8,163,0.1303565094600453,0.1206030150753769,0.049586776859504134,0.0975609756097561,0.1476449275362319,0.09268292682926829,0.028571428571428567,0.12060301507537688,0.049586776859504134,0.0975609756097561,0.14764492753623187,0.10384892377021725,Sagaing,Pinlebu
MMR005027,152,121,8,205,82,1104,0.7080031564425845,0.7638190954773868,1,1,1,1,0.2285714285714286,0.7638190954773869,1,1,1,0.9409547738693467,Sagaing,Kale
MMR005028,2,2,0,5,0,30,0.009730995363366175,0.010050251256281416,0.016528925619834708,0,0.027173913043478274,0.024390243902439036,0,0.010050251256281407,0.01652892561983471,0,0.02717391304347826,0.013438272479898594,Sagaing,Kalewa
MMR005029,77,29,0,66,39,570,0.3328156676266837,0.3869346733668342,0.23966942148760328,0.475609756097561,0.516304347826087,0.3219512195121952,0,0.3869346733668342,0.2396694214876033,0.47560975609756095,0.5163043478260869,0.40462954969452136,Sagaing,Mingin
MMR005030,41,12,3,24,21,284,0.12466871833942215,0.20603015075376885,0.09917355371900827,0.25609756097560976,0.2572463768115943,0.11707317073170732,0.08571428571428572,0.20603015075376885,0.09917355371900827,0.25609756097560976,0.2572463768115942,0.20463691056499528,Sagaing,Tamu
MMR005031,11,9,0,9,4,59,0.029663432294367145,0.05527638190954774,0.0743801652892562,0.04878048780487805,0.05344202898550726,0.043902439024390255,0,0.05527638190954774,0.0743801652892562,0.04878048780487805,0.05344202898550725,0.05796976599729731,Sagaing,Mawlaik
MMR005032,10,4,0,15,1,110,0.03271451365456238,0.05025125628140704,0.033057851239669415,0.012195121951219513,0.0996376811594203,0.07317073170731708,0,0.05025125628140704,0.03305785123966942,0.012195121951219513,0.09963768115942029,0.048785477657929066,Sagaing,Paungbyin
MMR005033,5,3,2,9,1,10,0.026395389249606258,0.025125628140703526,0.02479338842975207,0.012195121951219513,0.009057971014492761,0.043902439024390255,0.05714285714285714,0.02512562814070352,0.024793388429752067,0.012195121951219513,0.009057971014492754,0.01779302738404196,Sagaing,Hkamti
MMR005034,15,8,2,9,11,39,0.0506036496101388,0.07537688442211056,0.06611570247933883,0.13414634146341464,0.03532608695652175,0.043902439024390255,0.05714285714285714,0.07537688442211055,0.06611570247933884,0.13414634146341464,0.035326086956521736,0.07774125383034644,Sagaing,Homalin
MMR005035,0,1,0,0,0,0,7.56839553125553e-4,0,0.008264462809917364,0,0,0,0,0,0.008264462809917356,0,0,0.002066115702479339,Sagaing,Lay Shi
MMR005037,1,0,0,0,0,6,0.0013708829266665913,0.005025125628140704,0,0,0.005434782608695659,0,0,0.005025125628140704,0,0,0.005434782608695652,0.002614977059209089,Sagaing,Nanyun
MMR006001,45,26,18,62,39,251,0.2841597840055012,0.2261306532663317,0.21487603305785125,0.475609756097561,0.22735507246376815,0.30243902439024395,0.5142857142857143,0.22613065326633167,0.21487603305785125,0.47560975609756095,0.22735507246376813,0.285992878721378,Tanintharyi,Dawei
MMR006002,22,7,2,51,44,65,0.11382024373581442,0.11055276381909548,0.05785123966942148,0.5365853658536586,0.05887681159420292,0.24878048780487805,0.05714285714285714,0.11055276381909548,0.05785123966942149,0.5365853658536586,0.058876811594202896,0.19096654523409462,Tanintharyi,Launglon
MMR006003,27,7,0,19,23,119,0.1295876087576509,0.135678391959799,0.05785123966942148,0.2804878048780488,0.10778985507246379,0.09268292682926829,0,0.135678391959799,0.05785123966942149,0.2804878048780488,0.10778985507246377,0.14545182289493327,Tanintharyi,Thayetchaung
MMR006004,14,23,2,27,27,60,0.10199284327760899,0.07035175879396985,0.19008264462809918,0.3292682926829268,0.05434782608695653,0.13170731707317074,0.05714285714285714,0.07035175879396985,0.19008264462809918,0.32926829268292684,0.05434782608695652,0.1610126305479881,Tanintharyi,Yebyu
MMR006005,9,9,7,31,17,69,0.10301649266001961,0.04522613065326633,0.0743801652892562,0.20731707317073172,0.06250000000000001,0.15121951219512197,0.2,0.04522613065326633,0.0743801652892562,0.2073170731707317,0.0625,0.09735584227831356,Tanintharyi,Myeik
MMR006006,3,0,0,2,1,4,0.004489558682901731,0.015075376884422119,0,0.012195121951219513,0.003623188405797109,0.009756097560975608,0,0.01507537688442211,0,0.012195121951219513,0.0036231884057971015,0.007723421810359681,Tanintharyi,Kyunsu
MMR006007,41,29,0,35,21,178,0.12122467631165981,0.20603015075376885,0.23966942148760328,0.25609756097560976,0.16123188405797104,0.17073170731707318,0,0.20603015075376885,0.2396694214876033,0.25609756097560976,0.161231884057971,0.2157572543187382,Tanintharyi,Palaw
MMR006008,33,5,0,17,11,71,0.0784454337278705,0.1658291457286432,0.04132231404958678,0.13414634146341464,0.06431159420289857,0.08292682926829269,0,0.1658291457286432,0.04132231404958678,0.13414634146341464,0.06431159420289854,0.1014023488611358,Tanintharyi,Tanintharyi
MMR006009,2,1,4,9,2,12,0.03688470953768619,0.010050251256281416,0.008264462809917364,0.024390243902439025,0.010869565217391311,0.043902439024390255,0.11428571428571428,0.010050251256281407,0.008264462809917356,0.024390243902439025,0.010869565217391304,0.013393630796507273,Tanintharyi,Kawthoung
MMR006010,3,1,0,3,0,3,0.0055660128018423325,0.015075376884422119,0.008264462809917364,0,0.0027173913043478334,0.014634146341463426,0,0.01507537688442211,0.008264462809917356,0,0.002717391304347826,0.006514307749671823,Tanintharyi,Bokpyin
MMR007001,0,19,11,28,16,122,0.14302192786193588,0,0.15702479338842976,0.1951219512195122,0.11050724637681161,0.13658536585365855,0.31428571428571433,0,0.15702479338842976,0.1951219512195122,0.1105072463768116,0.11566349774618838,Bago-East,Bago
MMR007003,2,5,0,3,1,2,0.007827289214447475,0.010050251256281416,0.04132231404958678,0.012195121951219513,0.0018115942028985661,0.014634146341463426,0,0.010050251256281407,0.04132231404958678,0.012195121951219513,0.0018115942028985507,0.01634482036499656,Bago-East,Kawa
MMR007004,0,6,0,3,4,6,0.011121051956816912,0,0.049586776859504134,0.04878048780487805,0.005434782608695659,0.014634146341463426,0,0,0.049586776859504134,0.04878048780487805,0.005434782608695652,0.025950511818269458,Bago-East,Waw
MMR007005,5,11,2,6,3,17,0.04144734015295885,0.025125628140703526,0.0909090909090909,0.036585365853658534,0.015398550724637687,0.029268292682926838,0.05714285714285714,0.02512562814070352,0.09090909090909091,0.036585365853658534,0.015398550724637682,0.042004658907022666,Bago-East,Nyaunglebin
MMR007006,1,2,3,7,4,6,0.03290682951880577,0.005025125628140704,0.016528925619834708,0.04878048780487805,0.005434782608695659,0.034146341463414644,0.08571428571428572,0.005025125628140704,0.01652892561983471,0.04878048780487805,0.005434782608695652,0.01894233041538728,Bago-East,Kyauktaga
MMR007007,0,5,1,5,2,5,0.015657060878583158,0,0.04132231404958678,0.024390243902439025,0.004528985507246384,0.024390243902439036,0.028571428571428567,0,0.04132231404958678,0.024390243902439025,0.004528985507246377,0.017560385864818045,Bago-East,Daik-U
MMR007008,2,3,0,5,1,13,0.008864075132624827,0.010050251256281416,0.02479338842975207,0.012195121951219513,0.011775362318840587,0.024390243902439036,0,0.010050251256281407,0.024793388429752067,0.012195121951219513,0.01177536231884058,0.01470353098902339,Bago-East,Shwegyin
MMR007009,11,7,3,10,5,41,0.05620939045126806,0.05527638190954774,0.05785123966942148,0.06097560975609756,0.0371376811594203,0.04878048780487806,0.08571428571428572,0.05527638190954774,0.05785123966942149,0.06097560975609756,0.03713768115942029,0.052810228123621766,Bago-East,Taungoo
MMR007010,8,2,0,3,6,41,0.01978189051226839,0.04020100502512563,0.016528925619834708,0.07317073170731707,0.0371376811594203,0.014634146341463426,0,0.04020100502512563,0.01652892561983471,0.07317073170731707,0.03713768115942029,0.04175958587792442,Bago-East,Yedashe
MMR007011,32,23,0,15,11,120,0.20433008026689187,0.16080402010050251,0.19008264462809918,0.13414634146341464,0.10869565217391305,0.07317073170731708,0,0.16080402010050251,0.19008264462809918,0.13414634146341464,0.10869565217391304,0.14843216459148234,Bago-East,Kyaukkyi
MMR007012,2,6,2,4,2,8,0.03530726355657696,0.010050251256281416,0.049586776859504134,0.024390243902439025,0.00724637681159421,0.01951219512195123,0.05714285714285714,0.010050251256281407,0.049586776859504134,0.024390243902439025,0.007246376811594203,0.022818412207454696,Bago-East,Phyu
MMR007013,0,1,0,1,1,1,0.0033457125598295922,0,0.008264462809917364,0.012195121951219513,9.057971014492831e-4,0.004878048780487804,0,0,0.008264462809917356,0.012195121951219513,9.057971014492754e-4,0.005341345465646536,Bago-East,Oktwin
MMR007014,6,2,0,2,4,20,0.016983158954312,0.030150753768844223,0.016528925619834708,0.04878048780487805,0.018115942028985522,0.009756097560975608,0,0.03015075376884422,0.01652892561983471,0.04878048780487805,0.018115942028985508,0.028394027305635623,Bago-East,Htantabin
MMR008001,2,20,5,39,12,28,0.08475812331864949,0.010050251256281416,0.1652892561983471,0.14634146341463414,0.025362318840579722,0.19024390243902442,0.14285714285714285,0.010050251256281407,0.1652892561983471,0.14634146341463414,0.025362318840579712,0.08676082242746058,Bago-West,Pyay
MMR008002,1,1,0,1,0,9,0.002933913129823317,0.005025125628140704,0.008264462809917364,0,0.008152173913043485,0.004878048780487804,0,0.005025125628140704,0.008264462809917356,0,0.008152173913043478,0.005360440587775385,Bago-West,Paukkhaung
MMR008003,0,5,0,10,0,0,0.008299352989337556,0,0.04132231404958678,0,0,0.04878048780487806,0,0,0.04132231404958678,0,0,0.010330578512396695,Bago-West,Padaung
MMR008004,7,14,0,12,10,35,0.03607283974007751,0.035175879396984924,0.11570247933884296,0.12195121951219512,0.03170289855072465,0.05853658536585366,0,0.035175879396984924,0.11570247933884298,0.12195121951219512,0.03170289855072464,0.0761331191996869,Bago-West,Paungde
MMR008005,1,2,0,7,3,11,0.010023384264004245,0.005025125628140704,0.016528925619834708,0.036585365853658534,0.009963768115942035,0.034146341463414644,0,0.005025125628140704,0.01652892561983471,0.036585365853658534,0.009963768115942028,0.017025796304393995,Bago-West,Thegon
MMR008006,1,1,0,3,2,2,0.00526742778450663,0.005025125628140704,0.008264462809917364,0.024390243902439025,0.0018115942028985661,0.014634146341463426,0,0.005025125628140704,0.008264462809917356,0.024390243902439025,0.0018115942028985507,0.00987285663584891,Bago-West,Shwedaung
MMR008007,0,5,0,15,0,0,0.010556930601192454,0,0.04132231404958678,0,0,0.07317073170731708,0,0,0.04132231404958678,0,0,0.010330578512396695,Bago-West,Thayarwady
MMR008008,0,1,0,4,1,1,0.0038101561390704386,0,0.008264462809917364,0.012195121951219513,9.057971014492831e-4,0.01951219512195123,0,0,0.008264462809917356,0.012195121951219513,9.057971014492754e-4,0.005341345465646536,Bago-West,Letpadan
MMR008009,2,3,0,5,0,7,0.0066787369117977495,0.010050251256281416,0.02479338842975207,0,0.006340579710144935,0.024390243902439036,0,0.010050251256281407,0.024793388429752067,0,0.006340579710144928,0.010296054849044601,Bago-West,Minhla
MMR008010,1,3,1,7,2,5,0.01570794548842022,0.005025125628140704,0.02479338842975207,0.024390243902439025,0.004528985507246384,0.034146341463414644,0.028571428571428567,0.005025125628140704,0.024793388429752067,0.024390243902439025,0.004528985507246377,0.014684435866894543,Bago-West,Okpho
MMR008011,0,3,0,1,0,2,0.002958484266854434,0,0.02479338842975207,0,0.0018115942028985661,0.004878048780487804,0,0,0.024793388429752067,0,0.0018115942028985507,0.006651245658162655,Bago-West,Zigon
MMR008012,11,7,0,10,10,53,0.034646113274802666,0.05527638190954774,0.05785123966942148,0.12195121951219512,0.04800724637681161,0.04878048780487806,0,0.05527638190954774,0.05785123966942149,0.12195121951219512,0.04800724637681159,0.07077152186699398,Bago-West,Nattalin
MMR008013,1,1,1,3,1,2,0.010904499711117437,0.005025125628140704,0.008264462809917364,0.012195121951219513,0.0018115942028985661,0.014634146341463426,0.028571428571428567,0.005025125628140704,0.008264462809917356,0.012195121951219513,0.0018115942028985507,0.006824076148044031,Bago-West,Monyo
MMR008014,3,5,1,2,3,10,0.01800726699218339,0.015075376884422119,0.04132231404958678,0.036585365853658534,0.009057971014492761,0.009756097560975608,0.028571428571428567,0.01507537688442211,0.04132231404958678,0.036585365853658534,0.009057971014492754,0.02551025695054004,Bago-West,Gyobingauk
MMR009001,3,21,9,35,12,29,0.11680830472012947,0.015075376884422119,0.17355371900826444,0.14634146341463414,0.026268115942028998,0.17073170731707318,0.2571428571428572,0.01507537688442211,0.17355371900826447,0.14634146341463414,0.026268115942028984,0.09030966881233743,Magway,Magway
MMR009002,0,5,1,6,2,2,0.015753901273293947,0,0.04132231404958678,0.024390243902439025,0.0018115942028985661,0.029268292682926838,0.028571428571428567,0,0.04132231404958678,0.024390243902439025,0.0018115942028985507,0.016881038038731085,Magway,Yenangyaung
MMR009003,1,2,1,6,3,4,0.015510394824277855,0.005025125628140704,0.016528925619834708,0.036585365853658534,0.003623188405797109,0.029268292682926838,0.028571428571428567,0.005025125628140704,0.01652892561983471,0.036585365853658534,0.0036231884057971015,0.015440651376857763,Magway,Chauk
MMR009004,2,16,3,47,30,20,0.0911874163539874,0.010050251256281416,0.1322314049586777,0.3658536585365854,0.018115942028985522,0.22926829268292684,0.08571428571428572,0.010050251256281407,0.1322314049586777,0.36585365853658536,0.018115942028985508,0.13156281419513247,Magway,Taungdwingyi
MMR009005,3,7,0,10,11,18,0.026345004868571678,0.015075376884422119,0.05785123966942148,0.13414634146341464,0.01630434782608697,0.04878048780487806,0,0.01507537688442211,0.05785123966942149,0.13414634146341464,0.016304347826086956,0.05584432646083629,Magway,Myothit
MMR009006,4,7,0,16,12,11,0.035481227253686236,0.02010050251256282,0.05785123966942148,0.14634146341463414,0.009963768115942035,0.07804878048780488,0,0.020100502512562814,0.05785123966942149,0.14634146341463414,0.009963768115942028,0.058564243428140116,Magway,Natmauk
MMR009007,1,8,1,12,0,1,0.02020132718604707,0.005025125628140704,0.06611570247933883,0,9.057971014492831e-4,0.05853658536585366,0.028571428571428567,0.005025125628140704,0.06611570247933884,0,9.057971014492754e-4,0.018011656302232205,Magway,Minbu
MMR009008,3,21,3,21,7,26,0.05863541602476223,0.015075376884422119,0.17355371900826444,0.08536585365853658,0.023550724637681174,0.10243902439024391,0.08571428571428572,0.01507537688442211,0.17355371900826447,0.08536585365853659,0.02355072463768116,0.07438641854722608,Magway,Pwintbyu
MMR009009,2,7,2,6,1,28,0.02823890169756722,0.010050251256281416,0.05785123966942148,0.012195121951219513,0.025362318840579722,0.029268292682926838,0.05714285714285714,0.010050251256281407,0.05785123966942149,0.012195121951219513,0.025362318840579712,0.02636473292937553,Magway,Ngape
MMR009010,3,9,1,10,6,29,0.03028011355389069,0.015075376884422119,0.0743801652892562,0.07317073170731707,0.026268115942028998,0.04878048780487806,0.028571428571428567,0.01507537688442211,0.0743801652892562,0.07317073170731707,0.026268115942028984,0.04722359745575609,Magway,Salin
MMR009011,4,3,0,6,1,16,0.011505594477552346,0.02010050251256282,0.02479338842975207,0.012195121951219513,0.014492753623188411,0.029268292682926838,0,0.020100502512562814,0.024793388429752067,0.012195121951219513,0.014492753623188406,0.0178954416291807,Magway,Sidoktaya
MMR009012,2,7,0,5,2,5,0.011727703947008297,0.010050251256281416,0.05785123966942148,0.024390243902439025,0.004528985507246384,0.024390243902439036,0,0.010050251256281407,0.05785123966942149,0.024390243902439025,0.004528985507246377,0.02420518008384708,Magway,Thayet
MMR009013,1,2,0,7,0,10,0.006518070859728144,0.005025125628140704,0.016528925619834708,0,0.009057971014492761,0.034146341463414644,0,0.005025125628140704,0.01652892561983471,0,0.009057971014492754,0.007653005565617042,Magway,Minhla
MMR009014,2,6,0,8,5,16,0.01701297479080576,0.010050251256281416,0.049586776859504134,0.06097560975609756,0.014492753623188411,0.039024390243902446,0,0.010050251256281407,0.049586776859504134,0.06097560975609756,0.014492753623188406,0.033776347873767876,Magway,Mindon
MMR009015,3,11,0,14,1,25,0.022094457292202687,0.015075376884422119,0.0909090909090909,0.012195121951219513,0.022644927536231898,0.06829268292682927,0,0.01507537688442211,0.09090909090909091,0.012195121951219513,0.022644927536231884,0.0352061293202411,Magway,Kamma
MMR009016,2,1,1,7,5,6,0.01836111245779142,0.010050251256281416,0.008264462809917364,0.06097560975609756,0.005434782608695659,0.034146341463414644,0.028571428571428567,0.010050251256281407,0.008264462809917356,0.06097560975609756,0.005434782608695652,0.021181276607747993,Magway,Aunglan
MMR009017,1,0,0,0,2,9,0.00398361696214192,0.005025125628140704,0,0.024390243902439025,0.008152173913043485,0,0,0.005025125628140704,0,0.024390243902439025,0.008152173913043478,0.009391885860905802,Magway,Sinbaungwe
MMR009018,28,49,9,61,41,188,0.2563658940239567,0.1407035175879397,0.4049586776859504,0.5,0.17028985507246377,0.29756097560975614,0.2571428571428572,0.1407035175879397,0.4049586776859504,0.5,0.17028985507246377,0.3039880125865885,Magway,Pakokku
MMR009019,70,110,2,139,43,427,0.3353225635454899,0.35175879396984927,0.9090909090909091,0.524390243902439,0.3867753623188407,0.678048780487805,0.05714285714285714,0.35175879396984927,0.9090909090909091,0.524390243902439,0.3867753623188406,0.5430038273205096,Magway,Yesagyo
MMR009020,52,72,2,96,35,476,0.2697554570609014,0.2613065326633166,0.5950413223140496,0.4268292682926829,0.43115942028985516,0.46829268292682924,0.05714285714285714,0.2613065326633166,0.5950413223140496,0.4268292682926829,0.4311594202898551,0.428584135889976,Magway,Myaing
MMR009021,55,49,0,121,42,500,0.26686538241941804,0.27638190954773867,0.4049586776859504,0.5121951219512195,0.4528985507246377,0.5902439024390244,0,0.27638190954773867,0.4049586776859504,0.5121951219512195,0.4528985507246377,0.41160856497738657,Magway,Pauk
MMR009022,6,5,0,7,7,58,0.04640457802962197,0.030150753768844223,0.04132231404958678,0.08536585365853658,0.05253623188405798,0.034146341463414644,0,0.03015075376884422,0.04132231404958678,0.08536585365853659,0.05253623188405797,0.052343788340256395,Magway,Seikphyu
MMR009023,82,59,4,105,40,778,0.45575420196216543,0.4120603015075377,0.487603305785124,0.48780487804878053,0.7047101449275364,0.5121951219512195,0.11428571428571428,0.4120603015075377,0.48760330578512395,0.4878048780487805,0.7047101449275363,0.5230446575672446,Magway,Gangaw
MMR009024,43,11,1,21,6,228,0.11959698705409706,0.21608040201005027,0.0909090909090909,0.07317073170731707,0.20652173913043484,0.10243902439024391,0.028571428571428567,0.21608040201005024,0.09090909090909091,0.07317073170731707,0.20652173913043478,0.14667049093922324,Magway,Tilin
MMR009025,65,28,0,42,12,369,0.19664263175863897,0.32663316582914576,0.23140495867768593,0.14634146341463414,0.3342391304347827,0.20487804878048782,0,0.32663316582914576,0.23140495867768596,0.14634146341463414,0.3342391304347826,0.25965467958906213,Magway,Saw
MMR010001,8,29,8,13,17,19,0.11390325734911981,0.04020100502512563,0.23966942148760328,0.20731707317073172,0.017210144927536246,0.06341463414634146,0.2285714285714286,0.04020100502512563,0.2396694214876033,0.2073170731707317,0.017210144927536232,0.12609941115274922,Mandalay,Aungmyaythazan
MMR010002,6,57,35,70,37,93,0.36829770419239144,0.030150753768844223,0.4710743801652893,0.45121951219512196,0.08423913043478262,0.34146341463414637,1,0.03015075376884422,0.47107438016528924,0.45121951219512196,0.08423913043478261,0.25917094414100955,Mandalay,Chanayethazan
MMR010003,11,49,12,40,42,56,0.19775013430504518,0.05527638190954774,0.4049586776859504,0.5121951219512195,0.05072463768115943,0.1951219512195122,0.34285714285714286,0.05527638190954774,0.4049586776859504,0.5121951219512195,0.050724637681159424,0.25578870480696925,Mandalay,Mahaaungmyay
MMR010004,15,55,7,29,30,56,0.15804864749028874,0.07537688442211056,0.45454545454545453,0.3658536585365854,0.05072463768115943,0.14146341463414633,0.2,0.07537688442211055,0.45454545454545453,0.36585365853658536,0.050724637681159424,0.23662515879632748,Mandalay,Chanmyathazi
MMR010005,7,38,5,13,20,42,0.10072952464921019,0.035175879396984924,0.3140495867768595,0.24390243902439024,0.038043478260869575,0.06341463414634146,0.14285714285714285,0.035175879396984924,0.3140495867768595,0.24390243902439024,0.03804347826086957,0.15779284586477604,Mandalay,Pyigyitagon
MMR010006,2,25,1,20,20,17,0.0607235241725354,0.010050251256281416,0.20661157024793392,0.24390243902439024,0.015398550724637687,0.0975609756097561,0.028571428571428567,0.010050251256281407,0.2066115702479339,0.24390243902439024,0.015398550724637682,0.11899070281331081,Mandalay,Amarapura
MMR010007,6,22,0,10,13,22,0.0424131552575223,0.030150753768844223,0.18181818181818182,0.15853658536585366,0.01992753623188407,0.04878048780487806,0,0.03015075376884422,0.18181818181818182,0.15853658536585366,0.019927536231884056,0.09760826429619093,Mandalay,Patheingyi
MMR010008,4,1,3,12,5,43,0.039848284747851195,0.02010050251256282,0.008264462809917364,0.06097560975609756,0.038949275362318854,0.05853658536585366,0.08571428571428572,0.020100502512562814,0.008264462809917356,0.06097560975609756,0.03894927536231884,0.032072462610224145,Mandalay,Pyinoolwin
MMR010009,15,40,2,53,41,191,0.1515857100435946,0.07537688442211056,0.3305785123966942,0.5,0.17300724637681164,0.2585365853658537,0.05714285714285714,0.07537688442211055,0.3305785123966942,0.5,0.17300724637681159,0.2697406607989041,Mandalay,Madaya
MMR010010,8,7,1,16,14,46,0.045825252293264784,0.04020100502512563,0.05785123966942148,0.17073170731707316,0.04166666666666668,0.07804878048780488,0.028571428571428567,0.04020100502512563,0.05785123966942149,0.17073170731707318,0.041666666666666664,0.07761265466957175,Mandalay,Singu
MMR010011,18,32,10,74,37,78,0.18826065468018857,0.09045226130653267,0.2644628099173554,0.45121951219512196,0.0706521739130435,0.3609756097560976,0.28571428571428575,0.09045226130653267,0.2644628099173554,0.45121951219512196,0.07065217391304347,0.21919668933301337,Mandalay,Mogoke
MMR010012,4,15,0,13,8,20,0.03126516225541933,0.02010050251256282,0.12396694214876033,0.0975609756097561,0.018115942028985522,0.06341463414634146,0,0.020100502512562814,0.12396694214876033,0.0975609756097561,0.018115942028985508,0.06493609057501619,Mandalay,Thabeikkyin
MMR010013,8,19,4,13,9,46,0.06820593723567576,0.04020100502512563,0.15702479338842976,0.10975609756097561,0.04166666666666668,0.06341463414634146,0.11428571428571428,0.04020100502512563,0.15702479338842976,0.10975609756097561,0.041666666666666664,0.08716214066029943,Mandalay,Kyaukse
MMR010014,3,13,2,16,10,46,0.052251399290282934,0.015075376884422119,0.10743801652892562,0.12195121951219512,0.04166666666666668,0.07804878048780488,0.05714285714285714,0.01507537688442211,0.10743801652892562,0.12195121951219512,0.041666666666666664,0.07153281989805238,Mandalay,Sintgaing
MMR010015,1,8,0,9,4,4,0.0157689067835333,0.005025125628140704,0.06611570247933883,0.04878048780487805,0.003623188405797109,0.043902439024390255,0,0.005025125628140704,0.06611570247933884,0.04878048780487805,0.0036231884057971015,0.030886126079538674,Mandalay,Myittha
MMR010016,5,7,1,1,5,28,0.024778605592532216,0.025125628140703526,0.05785123966942148,0.06097560975609756,0.025362318840579722,0.004878048780487804,0.028571428571428567,0.02512562814070352,0.05785123966942149,0.06097560975609756,0.025362318840579712,0.04232869910170057,Mandalay,Tada-U
MMR010017,30,27,10,67,54,217,0.224924618826508,0.15075376884422112,0.2231404958677686,0.6585365853658536,0.1965579710144928,0.32682926829268294,0.28571428571428575,0.1507537688442211,0.2231404958677686,0.6585365853658537,0.19655797101449277,0.307247205273084,Mandalay,Myingyan
MMR010018,5,15,2,26,16,31,0.061661310577972944,0.025125628140703526,0.12396694214876033,0.1951219512195122,0.02807971014492755,0.12682926829268293,0.05714285714285714,0.02512562814070352,0.12396694214876033,0.1951219512195122,0.028079710144927536,0.0930735579134759,Mandalay,Taungtha
MMR010019,13,26,2,17,9,147,0.08055014730791552,0.06532663316582915,0.21487603305785125,0.10975609756097561,0.13315217391304351,0.08292682926829269,0.05714285714285714,0.06532663316582915,0.21487603305785125,0.10975609756097561,0.1331521739130435,0.13077773442442486,Mandalay,Natogyi
MMR010020,1,17,4,21,14,21,0.06836317481467197,0.005025125628140704,0.14049586776859505,0.17073170731707316,0.019021739130434794,0.10243902439024391,0.11428571428571428,0.005025125628140704,0.14049586776859505,0.17073170731707318,0.019021739130434784,0.08381860996106094,Mandalay,Kyaukpadaung
MMR010021,2,8,0,19,4,13,0.02200962006156988,0.010050251256281416,0.06611570247933883,0.04878048780487805,0.011775362318840587,0.09268292682926829,0,0.010050251256281407,0.06611570247933884,0.04878048780487805,0.01177536231884058,0.03418045096483472,Mandalay,Ngazun
MMR010022,1,6,5,9,9,15,0.055031357317499294,0.005025125628140704,0.049586776859504134,0.10975609756097561,0.013586956521739137,0.043902439024390255,0.14285714285714285,0.005025125628140704,0.049586776859504134,0.10975609756097561,0.01358695652173913,0.0444887391425899,Mandalay,Nyaung-U
MMR010023,0,0,0,1,0,0,4.515155223709794e-4,0,0,0,0,0.004878048780487804,0,0,0,0,0,0,Mandalay,Yamethin
MMR010024,0,1,0,1,0,2,0.0014448051606033299,0,0.008264462809917364,0,0.0018115942028985661,0.004878048780487804,0,0,0.008264462809917356,0,0.0018115942028985507,0.0025190142532039764,Mandalay,Pyawbwe
MMR010028,2,6,7,16,8,17,0.07149312203767832,0.010050251256281416,0.049586776859504134,0.0975609756097561,0.015398550724637687,0.07804878048780488,0.2,0.010050251256281407,0.049586776859504134,0.0975609756097561,0.015398550724637682,0.04314913861254484,Mandalay,Meiktila
MMR010029,0,3,3,8,5,4,0.032298994419651054,0,0.02479338842975207,0.06097560975609756,0.003623188405797109,0.039024390243902446,0.08571428571428572,0,0.024793388429752067,0.06097560975609756,0.0036231884057971015,0.022348046647911683,Mandalay,Mahlaing
MMR010030,0,5,1,7,5,6,0.02006540532760122,0,0.04132231404958678,0.06097560975609756,0.005434782608695659,0.034146341463414644,0.028571428571428567,0,0.04132231404958678,0.06097560975609756,0.005434782608695652,0.026933176603594997,Mandalay,Thazi
MMR010031,2,5,3,5,10,26,0.04202729050719421,0.010050251256281416,0.04132231404958678,0.12195121951219512,0.023550724637681174,0.024390243902439036,0.08571428571428572,0.010050251256281407,0.04132231404958678,0.12195121951219512,0.02355072463768116,0.04921862736393612,Mandalay,Wundwin
MMR011001,0,19,13,24,7,19,0.12344864847517158,0,0.15702479338842976,0.08536585365853658,0.017210144927536246,0.11707317073170732,0.3714285714285715,0,0.15702479338842976,0.08536585365853659,0.017210144927536232,0.06490019799362565,Mon,Mawlamyine
MMR011002,7,5,0,6,2,9,0.014446103890072783,0.035175879396984924,0.04132231404958678,0.024390243902439025,0.008152173913043485,0.029268292682926838,0,0.035175879396984924,0.04132231404958678,0.024390243902439025,0.008152173913043478,0.027260152815513552,Mon,Kyaikmaraw
MMR011003,1,2,0,4,3,4,0.007841262399017522,0.005025125628140704,0.016528925619834708,0.036585365853658534,0.003623188405797109,0.01951219512195123,0,0.005025125628140704,0.01652892561983471,0.036585365853658534,0.0036231884057971015,0.015440651376857763,Mon,Chaungzon
MMR011004,5,7,1,4,4,21,0.0241765474078638,0.025125628140703526,0.05785123966942148,0.04878048780487805,0.019021739130434794,0.01951219512195123,0.028571428571428567,0.02512562814070352,0.05785123966942149,0.04878048780487805,0.019021739130434784,0.03769477368635946,Mon,Thanbyuzayat
MMR011005,0,6,1,13,4,4,0.022165858475938285,0,0.049586776859504134,0.04878048780487805,0.003623188405797109,0.06341463414634146,0.028571428571428567,0,0.049586776859504134,0.04878048780487805,0.0036231884057971015,0.025497613267544822,Mon,Mudon
MMR011006,57,60,7,48,27,224,0.20921022181466498,0.2864321608040201,0.49586776859504134,0.3292682926829268,0.20289855072463772,0.23414634146341465,0.2,0.2864321608040201,0.49586776859504134,0.32926829268292684,0.2028985507246377,0.3286166932016565,Mon,Ye
MMR011007,44,54,3,19,18,182,0.16467346149762935,0.22110552763819097,0.4462809917355372,0.21951219512195122,0.16485507246376815,0.09268292682926829,0.08571428571428572,0.22110552763819097,0.4462809917355372,0.21951219512195122,0.16485507246376813,0.2629384467398619,Mon,Thaton
MMR011008,1,14,0,11,5,7,0.022696679728596333,0.005025125628140704,0.11570247933884296,0.06097560975609756,0.006340579710144935,0.05365853658536586,0,0.005025125628140704,0.11570247933884298,0.06097560975609756,0.006340579710144928,0.04701094860830654,Mon,Paung
MMR011009,55,51,1,20,24,227,0.19525118532211083,0.27638190954773867,0.42148760330578516,0.2926829268292683,0.20561594202898556,0.0975609756097561,0.028571428571428567,0.27638190954773867,0.4214876033057851,0.2926829268292683,0.2056159420289855,0.2990420954279444,Mon,Kyaikto
MMR011010,30,33,0,15,21,81,0.1246678687658608,0.15075376884422112,0.2727272727272727,0.25609756097560976,0.07336956521739132,0.07317073170731708,0,0.1507537688442211,0.2727272727272727,0.25609756097560976,0.07336956521739131,0.18823704194112373,Mon,Bilin
MMR012001,1,0,2,28,12,2,0.2633683380374048,0.005025125628140704,0,0.14634146341463414,0.0018115942028985661,0.13658536585365855,0.05714285714285714,0.005025125628140704,0,0.14634146341463414,0.0018115942028985507,0.03829454581141835,Rakhine,Sittwe
MMR012002,0,4,0,6,4,5,0.018244264931433336,0,0.033057851239669415,0.04878048780487805,0.004528985507246384,0.029268292682926838,0,0,0.03305785123966942,0.04878048780487805,0.004528985507246377,0.021591831137948464,Rakhine,Ponnagyun
MMR012003,3,8,0,11,5,21,0.07837837968871836,0.015075376884422119,0.06611570247933883,0.06097560975609756,0.019021739130434794,0.05365853658536586,0,0.01507537688442211,0.06611570247933884,0.06097560975609756,0.019021739130434784,0.04029710706257333,Rakhine,Mrauk-U
MMR012004,0,12,0,16,5,11,0.04436373537602564,0,0.09917355371900827,0.06097560975609756,0.009963768115942035,0.07804878048780488,0,0,0.09917355371900827,0.06097560975609756,0.009963768115942028,0.04252823289776196,Rakhine,Kyauktaw
MMR012005,0,6,0,2,2,3,0.010576338815661614,0,0.049586776859504134,0.024390243902439025,0.0027173913043478334,0.009756097560975608,0,0,0.049586776859504134,0.024390243902439025,0.002717391304347826,0.019173603016572744,Rakhine,Minbya
MMR012006,2,3,0,1,0,16,0.014418110104018512,0.010050251256281416,0.02479338842975207,0,0.014492753623188411,0.004878048780487804,0,0.010050251256281407,0.024793388429752067,0,0.014492753623188406,0.01233409832730547,Rakhine,Myebon
MMR012007,0,0,0,3,1,0,0.05097965656637012,0,0,0.012195121951219513,0,0.014634146341463426,0,0,0,0.012195121951219513,0,0.003048780487804878,Rakhine,Pauktaw
MMR012008,3,2,0,8,6,35,0.05177733965623364,0.015075376884422119,0.016528925619834708,0.07317073170731707,0.03170289855072465,0.039024390243902446,0,0.01507537688442211,0.01652892561983471,0.07317073170731707,0.03170289855072464,0.03411948319057463,Rakhine,Rathedaung
MMR012009,34,11,0,27,12,82,0.10085064666472318,0.17085427135678394,0.0909090909090909,0.14634146341463414,0.0742753623188406,0.13170731707317074,0,0.1708542713567839,0.09090909090909091,0.14634146341463414,0.07427536231884058,0.12059504699983739,Rakhine,Maungdaw
MMR012010,4,3,0,12,7,5,0.03804630885782072,0.02010050251256282,0.02479338842975207,0.08536585365853658,0.004528985507246384,0.05853658536585366,0,0.020100502512562814,0.024793388429752067,0.08536585365853659,0.004528985507246377,0.033697182527024465,Rakhine,Buthidaung
MMR012011,0,0,0,8,3,0,0.008817565787343532,0,0,0.036585365853658534,0,0.039024390243902446,0,0,0,0.036585365853658534,0,0.009146341463414634,Rakhine,Kyaukpyu
MMR012012,0,0,0,2,0,0,9.030310447419588e-4,0,0,0,0,0.009756097560975608,0,0,0,0,0,0,Rakhine,Munaung
MMR012013,1,0,0,2,0,0,0.0015645637160881627,0.005025125628140704,0,0,0,0.009756097560975608,0,0.005025125628140704,0,0,0,0.001256281407035176,Rakhine,Ramree
MMR012014,0,9,1,12,1,3,0.02251043625038419,0,0.0743801652892562,0.012195121951219513,0.0027173913043478334,0.05853658536585366,0.028571428571428567,0,0.0743801652892562,0.012195121951219513,0.002717391304347826,0.022323169636205883,Rakhine,Ann
MMR012015,0,0,5,13,1,1,0.04094746318987558,0,0,0.012195121951219513,9.057971014492831e-4,0.06341463414634146,0.14285714285714285,0,0,0.012195121951219513,9.057971014492754e-4,0.003275229763167197,Rakhine,Thandwe
MMR012016,1,0,3,11,2,10,0.02936681689233122,0.005025125628140704,0,0.024390243902439025,0.009057971014492761,0.05365853658536586,0.08571428571428572,0.005025125628140704,0,0.024390243902439025,0.009057971014492754,0.00961833513626812,Rakhine,Toungup
MMR012017,0,0,1,6,0,0,0.009475194514744253,0,0,0,0,0.029268292682926838,0.028571428571428567,0,0,0,0,0,Rakhine,Gwa
MMR013001,1,37,21,37,29,30,0.2304249938412758,0.005025125628140704,0.30578512396694213,0.35365853658536583,0.027173913043478274,0.18048780487804877,0.6,0.005025125628140704,0.30578512396694213,0.35365853658536583,0.02717391304347826,0.17291067480598174,Yangon,Insein
MMR013002,5,25,0,25,17,21,0.05519276685419433,0.025125628140703526,0.20661157024793392,0.20731707317073172,0.019021739130434794,0.12195121951219512,0,0.02512562814070352,0.2066115702479339,0.2073170731707317,0.019021739130434784,0.11451900267245096,Yangon,Mingaladon
MMR013003,1,12,0,4,4,5,0.01665691242673401,0.005025125628140704,0.09917355371900827,0.04878048780487805,0.004528985507246384,0.01951219512195123,0,0.005025125628140704,0.09917355371900827,0.04878048780487805,0.004528985507246377,0.03937703816481835,Yangon,Hmawbi
MMR013004,3,5,0,16,10,8,0.025229139017104905,0.015075376884422119,0.04132231404958678,0.12195121951219512,0.00724637681159421,0.07804878048780488,0,0.01507537688442211,0.04132231404958678,0.12195121951219512,0.007246376811594203,0.04639882181444955,Yangon,Hlegu
MMR013005,1,4,2,5,4,13,0.025531714625564507,0.005025125628140704,0.033057851239669415,0.04878048780487805,0.011775362318840587,0.024390243902439036,0.05714285714285714,0.005025125628140704,0.03305785123966942,0.04878048780487805,0.01177536231884058,0.02465970674788219,Yangon,Taikkyi
MMR013006,1,2,0,0,1,4,0.0037771414017184674,0.005025125628140704,0.016528925619834708,0.012195121951219513,0.003623188405797109,0,0,0.005025125628140704,0.01652892561983471,0.012195121951219513,0.0036231884057971015,0.009343090401248009,Yangon,Htantabin
MMR013007,2,31,5,18,14,35,0.08668716663892889,0.010050251256281416,0.25619834710743805,0.17073170731707316,0.03170289855072465,0.0878048780487805,0.14285714285714285,0.010050251256281407,0.256198347107438,0.17073170731707318,0.03170289855072464,0.1171708010578793,Yangon,Shwepyithar
MMR013008,8,67,7,42,34,86,0.17088122812584092,0.04020100502512563,0.5537190082644629,0.41463414634146345,0.07789855072463771,0.20487804878048782,0.2,0.04020100502512563,0.5537190082644629,0.4146341463414634,0.07789855072463768,0.2716131775889224,Yangon,Hlaingtharya
MMR013009,1,31,9,25,10,33,0.11609210158496197,0.005025125628140704,0.25619834710743805,0.12195121951219512,0.0298913043478261,0.12195121951219512,0.2571428571428572,0.005025125628140704,0.256198347107438,0.12195121951219512,0.029891304347826088,0.10326649914889999,Yangon,Thingangyun
MMR013010,0,12,4,9,2,2,0.0442668504243919,0,0.09917355371900827,0.024390243902439025,0.0018115942028985661,0.043902439024390255,0.11428571428571428,0,0.09917355371900827,0.024390243902439025,0.0018115942028985507,0.03134384795608646,Yangon,Yankin
MMR013011,1,26,10,17,8,3,0.10860347954470073,0.005025125628140704,0.21487603305785125,0.0975609756097561,0.0027173913043478334,0.08292682926829269,0.28571428571428575,0.005025125628140704,0.21487603305785125,0.0975609756097561,0.002717391304347826,0.08004488140002397,Yangon,South Okkalapa
MMR013012,3,30,9,21,14,26,0.11394678646335543,0.015075376884422119,0.24793388429752067,0.17073170731707316,0.023550724637681174,0.10243902439024391,0.2571428571428572,0.01507537688442211,0.24793388429752067,0.17073170731707318,0.02355072463768116,0.11432292328417429,Yangon,North Okkalapa
MMR013013,9,32,19,22,17,30,0.1962341671056233,0.04522613065326633,0.2644628099173554,0.20731707317073172,0.027173913043478274,0.1073170731707317,0.5428571428571428,0.04522613065326633,0.2644628099173554,0.2073170731707317,0.02717391304347826,0.1360449816962079,Yangon,Thaketa
MMR013014,1,12,3,11,8,9,0.04675062546993826,0.005025125628140704,0.09917355371900827,0.0975609756097561,0.008152173913043485,0.05365853658536586,0.08571428571428572,0.005025125628140704,0.09917355371900827,0.0975609756097561,0.008152173913043478,0.05247795721748714,Yangon,Dawbon
MMR013015,1,22,27,32,11,12,0.23192723397374562,0.005025125628140704,0.18181818181818182,0.13414634146341464,0.010869565217391311,0.15609756097560976,0.7714285714285714,0.005025125628140704,0.18181818181818182,0.13414634146341464,0.010869565217391304,0.08296480353178211,Yangon,Tamwe
MMR013016,0,7,2,9,2,2,0.02645816844933282,0,0.05785123966942148,0.024390243902439025,0.0018115942028985661,0.043902439024390255,0.05714285714285714,0,0.05785123966942149,0.024390243902439025,0.0018115942028985507,0.021013269443689763,Yangon,Pazundaung
MMR013017,1,6,1,8,5,8,0.023072745367682505,0.005025125628140704,0.049586776859504134,0.06097560975609756,0.00724637681159421,0.039024390243902446,0.028571428571428567,0.005025125628140704,0.049586776859504134,0.06097560975609756,0.007246376811594203,0.03070847226383415,Yangon,Botahtaung
MMR013018,9,31,11,17,28,54,0.14951567626231213,0.04522613065326633,0.25619834710743805,0.3414634146341463,0.04891304347826088,0.08292682926829269,0.31428571428571433,0.04522613065326633,0.256198347107438,0.34146341463414637,0.04891304347826087,0.17295023396827788,Yangon,Dagon Myothit (South)
MMR013019,5,25,9,25,14,38,0.11921361114449358,0.025125628140703526,0.20661157024793392,0.17073170731707316,0.03442028985507248,0.12195121951219512,0.2571428571428572,0.02512562814070352,0.2066115702479339,0.17073170731707318,0.034420289855072464,0.10922229889019576,Yangon,Dagon Myothit (North)
MMR013020,0,9,0,13,3,9,0.017132371513655986,0,0.0743801652892562,0.036585365853658534,0.008152173913043485,0.06341463414634146,0,0,0.0743801652892562,0.036585365853658534,0.008152173913043478,0.029779426263989554,Yangon,Dagon Myothit (East)
MMR013021,0,13,4,13,12,17,0.05833120067382699,0,0.10743801652892562,0.14634146341463414,0.015398550724637687,0.06341463414634146,0.11428571428571428,0,0.10743801652892562,0.14634146341463414,0.015398550724637682,0.06729450766704936,Yangon,Dagon Myothit (Seikkan)
MMR013022,0,10,12,4,11,9,0.10405102356292378,0,0.08264462809917356,0.13414634146341464,0.008152173913043485,0.01951219512195123,0.34285714285714286,0,0.08264462809917356,0.13414634146341464,0.008152173913043478,0.05623578586890792,Yangon,Mingalartaungnyunt
MMR013023,7,17,2,17,17,22,0.06049941939650462,0.035175879396984924,0.14049586776859505,0.20731707317073172,0.01992753623188407,0.08292682926829269,0.05714285714285714,0.035175879396984924,0.14049586776859505,0.2073170731707317,0.019927536231884056,0.10072908914204892,Yangon,Thanlyin
MMR013024,0,2,0,4,5,6,0.00967423872059325,0,0.016528925619834708,0.06097560975609756,0.005434782608695659,0.01951219512195123,0,0,0.01652892561983471,0.06097560975609756,0.005434782608695652,0.02073482949615698,Yangon,Kyauktan
MMR013025,0,2,0,7,2,4,0.007405246840876689,0,0.016528925619834708,0.024390243902439025,0.003623188405797109,0.034146341463414644,0,0,0.01652892561983471,0.024390243902439025,0.0036231884057971015,0.01113558948201771,Yangon,Thongwa
MMR013026,5,7,0,11,6,26,0.02342023880452441,0.025125628140703526,0.05785123966942148,0.07317073170731707,0.023550724637681174,0.05365853658536586,0,0.02512562814070352,0.05785123966942149,0.07317073170731707,0.02355072463768116,0.0449245810387808,Yangon,Kayan
MMR013027,6,9,1,25,11,29,0.04468259167303184,0.030150753768844223,0.0743801652892562,0.13414634146341464,0.026268115942028998,0.12195121951219512,0.028571428571428567,0.03015075376884422,0.0743801652892562,0.13414634146341464,0.026268115942028984,0.06623634411588601,Yangon,Twantay
MMR013028,6,1,0,25,13,31,0.03435628286043098,0.030150753768844223,0.008264462809917364,0.15853658536585366,0.02807971014492755,0.12195121951219512,0,0.03015075376884422,0.008264462809917356,0.15853658536585366,0.028079710144927536,0.05625787802238569,Yangon,Kawhmu
MMR013029,1,4,2,4,6,16,0.030137991550252197,0.005025125628140704,0.033057851239669415,0.07317073170731707,0.014492753623188411,0.01951219512195123,0.05714285714285714,0.005025125628140704,0.03305785123966942,0.07317073170731707,0.014492753623188406,0.031436615549578904,Yangon,Kungyangon
MMR013030,0,5,2,4,2,9,0.022444546906944148,0,0.04132231404958678,0.024390243902439025,0.008152173913043485,0.01951219512195123,0.05714285714285714,0,0.04132231404958678,0.024390243902439025,0.008152173913043478,0.018466182966267317,Yangon,Dala
MMR013031,1,1,1,1,0,0,0.008635989127361111,0.005025125628140704,0.008264462809917364,0,0,0.004878048780487804,0.028571428571428567,0.005025125628140704,0.008264462809917356,0,0,0.003322397109514515,Yangon,Seikgyikanaungto
MMR013033,3,23,13,63,12,15,0.15113114843419828,0.015075376884422119,0.19008264462809918,0.14634146341463414,0.013586956521739137,0.3073170731707317,0.3714285714285715,0.01507537688442211,0.19008264462809918,0.14634146341463414,0.01358695652173913,0.09127161036222364,Yangon,Kyauktada
MMR013034,0,3,0,4,1,1,0.0053238352453215424,0,0.02479338842975207,0.012195121951219513,9.057971014492831e-4,0.01951219512195123,0,0,0.024793388429752067,0.012195121951219513,9.057971014492754e-4,0.009473576870605212,Yangon,Pabedan
MMR013035,0,10,2,7,3,3,0.029038396362939565,0,0.08264462809917356,0.036585365853658534,0.0027173913043478334,0.034146341463414644,0.05714285714285714,0,0.08264462809917356,0.036585365853658534,0.002717391304347826,0.03048684631429498,Yangon,Lanmadaw
MMR013036,0,4,0,2,2,2,0.0064248982501661,0,0.033057851239669415,0.024390243902439025,0.0018115942028985661,0.009756097560975608,0,0,0.03305785123966942,0.024390243902439025,0.0018115942028985507,0.01481492233625175,Yangon,Latha
MMR013037,2,10,3,6,2,5,0.03596693840268285,0.010050251256281416,0.08264462809917356,0.024390243902439025,0.004528985507246384,0.029268292682926838,0.08571428571428572,0.010050251256281407,0.08264462809917356,0.024390243902439025,0.004528985507246377,0.030403527191285095,Yangon,Ahlone
MMR013038,1,16,5,7,8,17,0.06324920084679543,0.005025125628140704,0.1322314049586777,0.0975609756097561,0.015398550724637687,0.034146341463414644,0.14285714285714285,0.005025125628140704,0.1322314049586777,0.0975609756097561,0.015398550724637682,0.06255401423030305,Yangon,Kyeemyindaing
MMR013039,3,23,19,36,10,12,0.17695498470188578,0.015075376884422119,0.19008264462809918,0.12195121951219512,0.010869565217391311,0.175609756097561,0.5428571428571428,0.01507537688442211,0.19008264462809918,0.12195121951219512,0.010869565217391304,0.08449470156052692,Yangon,Sanchaung
MMR013040,3,31,15,35,20,28,0.17215252656520677,0.015075376884422119,0.25619834710743805,0.24390243902439024,0.025362318840579722,0.17073170731707318,0.4285714285714286,0.01507537688442211,0.256198347107438,0.24390243902439024,0.025362318840579712,0.13513462046420752,Yangon,Hlaing
MMR013041,4,12,9,23,10,13,0.09587152558855806,0.02010050251256282,0.09917355371900827,0.12195121951219512,0.011775362318840587,0.11219512195121951,0.2571428571428572,0.020100502512562814,0.09917355371900827,0.12195121951219512,0.01177536231884058,0.0632501595156517,Yangon,Kamaryut
MMR013042,3,35,5,25,12,20,0.09383767168647225,0.015075376884422119,0.2892561983471074,0.14634146341463414,0.018115942028985522,0.12195121951219512,0.14285714285714285,0.01507537688442211,0.2892561983471074,0.14634146341463414,0.018115942028985508,0.11719724516878731,Yangon,Mayangone
MMR013043,0,5,1,1,0,0,0.011012713888776771,0,0.04132231404958678,0,0,0.004878048780487804,0.028571428571428567,0,0.04132231404958678,0,0,0.010330578512396695,Yangon,Dagon
MMR013044,0,18,4,12,5,4,0.05434728260046005,0,0.1487603305785124,0.06097560975609756,0.003623188405797109,0.05853658536585366,0.11428571428571428,0,0.1487603305785124,0.06097560975609756,0.0036231884057971015,0.05333978218510176,Yangon,Bahan
MMR014001,1,24,17,68,17,18,0.19772146484103684,0.005025125628140704,0.19834710743801653,0.20731707317073172,0.01630434782608697,0.33170731707317075,0.4857142857142857,0.005025125628140704,0.19834710743801653,0.2073170731707317,0.016304347826086956,0.10674841351574398,Shan-South,Taunggyi
MMR014002,2,0,0,7,9,26,0.04113213184530169,0.010050251256281416,0,0.10975609756097561,0.023550724637681174,0.034146341463414644,0,0.010050251256281407,0,0.10975609756097561,0.02355072463768116,0.03583926836373454,Shan-South,Nyaungshwe
MMR014003,1,1,0,5,0,1,0.006070295376438696,0.005025125628140704,0.008264462809917364,0,9.057971014492831e-4,0.024390243902439036,0,0.005025125628140704,0.008264462809917356,0,9.057971014492754e-4,0.003548846384876834,Shan-South,Hopong
MMR014004,0,2,0,5,3,3,0.05434878619995057,0,0.016528925619834708,0.036585365853658534,0.0027173913043478334,0.024390243902439036,0,0,0.01652892561983471,0.036585365853658534,0.002717391304347826,0.013957920694460267,Shan-South,Hsihseng
MMR014005,2,6,4,27,7,15,0.05941727849328473,0.010050251256281416,0.049586776859504134,0.08536585365853658,0.013586956521739137,0.13170731707317074,0.11428571428571428,0.010050251256281407,0.049586776859504134,0.08536585365853659,0.01358695652173913,0.03964745957401532,Shan-South,Kalaw
MMR014006,3,4,1,17,5,9,0.029042204825144,0.015075376884422119,0.033057851239669415,0.06097560975609756,0.008152173913043485,0.08292682926829269,0.028571428571428567,0.01507537688442211,0.03305785123966942,0.06097560975609756,0.008152173913043478,0.02931525294830814,Shan-South,Pindaya
MMR014007,11,7,0,52,18,71,0.06480456580909442,0.05527638190954774,0.05785123966942148,0.21951219512195122,0.06431159420289857,0.25365853658536586,0,0.05527638190954774,0.05785123966942149,0.21951219512195122,0.06431159420289854,0.09923785272595476,Shan-South,Ywangan
MMR014008,6,4,0,8,0,2,0.011904169406550863,0.030150753768844223,0.033057851239669415,0,0.0018115942028985661,0.039024390243902446,0,0.03015075376884422,0.03305785123966942,0,0.0018115942028985507,0.016255049802853045,Shan-South,Lawksawk
MMR014009,4,1,0,5,1,24,0.04824109916881381,0.02010050251256282,0.008264462809917364,0.012195121951219513,0.021739130434782622,0.024390243902439036,0,0.020100502512562814,0.008264462809917356,0.012195121951219513,0.021739130434782608,0.015574804427120573,Shan-South,Pinlaung
MMR014010,96,36,2,43,32,487,0.411474968240057,0.4824120603015076,0.2975206611570248,0.3902439024390244,0.4411231884057971,0.20975609756097563,0.05714285714285714,0.4824120603015075,0.2975206611570248,0.3902439024390244,0.4411231884057971,0.4028249530758385,Shan-South,Pekon
MMR014011,1,4,2,4,2,4,0.022737228099057115,0.005025125628140704,0.033057851239669415,0.024390243902439025,0.003623188405797109,0.01951219512195123,0.05714285714285714,0.005025125628140704,0.03305785123966942,0.024390243902439025,0.0036231884057971015,0.016524102294011564,Shan-South,Loilen
MMR014012,0,1,0,1,2,0,0.008242088993751947,0,0.008264462809917364,0.024390243902439025,0,0.004878048780487804,0,0,0.008264462809917356,0.024390243902439025,0,0.008163676678089095,Shan-South,Laihka
MMR014013,4,0,0,5,3,3,0.008645471786622613,0.02010050251256282,0,0.036585365853658534,0.0027173913043478334,0.024390243902439036,0,0.020100502512562814,0,0.036585365853658534,0.002717391304347826,0.014850814917642292,Shan-South,Nansang
MMR014014,0,0,0,1,1,0,0.0025941724604267684,0,0,0.012195121951219513,0,0.004878048780487804,0,0,0,0.012195121951219513,0,0.003048780487804878,Shan-South,Kunhing
MMR014015,24,1,0,7,2,2,0.02562571925111862,0.1206030150753769,0.008264462809917364,0.024390243902439025,0.0018115942028985661,0.034146341463414644,0,0.12060301507537688,0.008264462809917356,0.024390243902439025,0.0018115942028985507,0.03876732899765795,Shan-South,Kyethi
MMR014016,13,13,0,21,10,11,0.08026997386561,0.06532663316582915,0.10743801652892562,0.12195121951219512,0.009963768115942035,0.10243902439024391,0,0.06532663316582915,0.10743801652892562,0.12195121951219512,0.009963768115942028,0.07616990933072298,Shan-South,Mongkaing
MMR014017,0,0,0,3,7,4,0.009730652914679505,0,0,0.08536585365853658,0.003623188405797109,0.014634146341463426,0,0,0,0.08536585365853659,0.0036231884057971015,0.022247260516083424,Shan-South,Monghsu
MMR014019,1,0,0,1,1,1,0.0023603026901781498,0.005025125628140704,0,0.012195121951219513,9.057971014492831e-4,0.004878048780487804,0,0.005025125628140704,0,0.012195121951219513,9.057971014492754e-4,0.004531511170202373,Shan-South,Mongnai
MMR014020,1,0,0,0,0,0,0.0015098553148896068,0.005025125628140704,0,0,0,0,0,0.005025125628140704,0,0,0,0.001256281407035176,Shan-South,Mawkmai
MMR014021,2,1,0,0,0,4,0.004247633816408419,0.010050251256281416,0.008264462809917364,0,0.003623188405797109,0,0,0.010050251256281407,0.008264462809917356,0,0.0036231884057971015,0.005484475617998966,Shan-South,Mongpan
MMR015001,26,26,14,26,14,39,0.18274976452520147,0.1306532663316583,0.21487603305785125,0.17073170731707316,0.03532608695652175,0.12682926829268293,0.39999999999999997,0.1306532663316583,0.21487603305785125,0.17073170731707318,0.035326086956521736,0.1378967734157761,Shan-North,Lashio
MMR015002,30,6,0,4,3,81,0.04119091747230749,0.15075376884422112,0.049586776859504134,0.036585365853658534,0.07336956521739132,0.01951219512195123,0,0.1507537688442211,0.049586776859504134,0.036585365853658534,0.07336956521739131,0.07757386919369377,Shan-North,Hseni
MMR015003,0,5,0,1,6,2,0.011246340096550943,0,0.04132231404958678,0.07317073170731707,0.0018115942028985661,0.004878048780487804,0,0,0.04132231404958678,0.07317073170731707,0.0018115942028985507,0.029076159989950598,Shan-North,Mongyai
MMR015004,1,1,0,3,6,2,0.01195794004193873,0.005025125628140704,0.008264462809917364,0.07317073170731707,0.0018115942028985661,0.014634146341463426,0,0.005025125628140704,0.008264462809917356,0.07317073170731707,0.0018115942028985507,0.02206797858706842,Shan-North,Tangyan
MMR015005,1,0,0,0,0,0,6.615326713462038e-4,0.005025125628140704,0,0,0,0,0,0.005025125628140704,0,0,0,0.001256281407035176,Shan-North,Pangsang (Panghkam)
MMR015009,198,58,12,57,35,332,0.37677820027967174,0.9949748743718593,0.4793388429752066,0.4268292682926829,0.3007246376811595,0.2780487804878049,0.34285714285714286,0.9949748743718593,0.4793388429752066,0.4268292682926829,0.3007246376811594,0.5504669058302271,Shan-North,Muse
MMR015010,13,17,4,9,18,26,0.07738027421387834,0.06532663316582915,0.14049586776859505,0.21951219512195122,0.023550724637681174,0.043902439024390255,0.11428571428571428,0.06532663316582915,0.14049586776859505,0.21951219512195122,0.02355072463768116,0.11222135517351414,Shan-North,Namhkan
MMR015011,121,19,9,12,24,82,0.21270501149341778,0.6080402010050251,0.15702479338842976,0.2926829268292683,0.0742753623188406,0.05853658536585366,0.2571428571428572,0.6080402010050251,0.15702479338842976,0.2926829268292683,0.07427536231884058,0.28300582088539095,Shan-North,Kutkai
MMR015012,58,29,9,31,31,26,0.21120673666789058,0.2914572864321608,0.23966942148760328,0.3780487804878048,0.023550724637681174,0.15121951219512197,0.2571428571428572,0.2914572864321608,0.2396694214876033,0.3780487804878049,0.02355072463768116,0.23318155326131254,Shan-North,Kyaukme
MMR015013,18,10,4,15,5,63,0.07108947856176047,0.09045226130653267,0.08264462809917356,0.06097560975609756,0.057065217391304365,0.07317073170731708,0.11428571428571428,0.09045226130653267,0.08264462809917356,0.06097560975609756,0.057065217391304345,0.07278442913827703,Shan-North,Nawnghkio
MMR015014,25,17,4,21,19,35,0.13659944988240363,0.1256281407035176,0.14049586776859505,0.23170731707317072,0.03170289855072465,0.10243902439024391,0.11428571428571428,0.12562814070351758,0.14049586776859505,0.23170731707317074,0.03170289855072464,0.13238355602400198,Shan-North,Hsipaw
MMR015015,36,11,1,17,11,6,0.08494627873650193,0.18090452261306533,0.0909090909090909,0.13414634146341464,0.005434782608695659,0.08292682926829269,0.028571428571428567,0.18090452261306533,0.09090909090909091,0.13414634146341464,0.005434782608695652,0.10284868439856665,Shan-North,Namtu
MMR015016,10,5,1,8,12,10,0.04348839967778062,0.05025125628140704,0.04132231404958678,0.14634146341463414,0.009057971014492761,0.039024390243902446,0.028571428571428567,0.05025125628140704,0.04132231404958678,0.14634146341463414,0.009057971014492754,0.06174325119003018,Shan-North,Namhsan
MMR015017,6,8,0,6,5,13,0.02165168750474509,0.030150753768844223,0.06611570247933883,0.06097560975609756,0.011775362318840587,0.029268292682926838,0,0.03015075376884422,0.06611570247933884,0.06097560975609756,0.01177536231884058,0.0422543570807803,Shan-North,Mongmit
MMR015018,1,1,0,2,0,15,0.004094778907514683,0.005025125628140704,0.008264462809917364,0,0.013586956521739137,0.009756097560975608,0,0.005025125628140704,0.008264462809917356,0,0.01358695652173913,0.006719136239949297,Shan-North,Mabein
MMR015019,8,5,0,0,3,7,0.013879680690015429,0.04020100502512563,0.04132231404958678,0.036585365853658534,0.006340579710144935,0,0,0.04020100502512563,0.04132231404958678,0.036585365853658534,0.006340579710144928,0.03111231615962897,Shan-North,Manton
MMR015020,5,1,0,0,0,0,0.00559947642975845,0.025125628140703526,0.008264462809917364,0,0,0,0,0.02512562814070352,0.008264462809917356,0,0,0.008347522737655218,Shan-North,Kunlong
MMR015021,0,0,0,1,0,0,4.515155223709794e-4,0,0,0,0,0.004878048780487804,0,0,0,0,0,0,Shan-North,Hopang
MMR015022,1,1,0,3,0,3,0.007365574063542028,0.005025125628140704,0.008264462809917364,0,0.0027173913043478334,0.014634146341463426,0,0.005025125628140704,0.008264462809917356,0,0.002717391304347826,0.004001744935601471,Shan-North,Laukkaing
MMR015023,1,0,0,0,0,7,0.0014891079692199891,0.005025125628140704,0,0,0.006340579710144935,0,0,0.005025125628140704,0,0,0.006340579710144928,0.002841426334571408,Shan-North,Konkyan
MMR016001,0,0,0,6,2,2,0.005203602127147811,0,0,0.024390243902439025,0.0018115942028985661,0.029268292682926838,0,0,0,0.024390243902439025,0.0018115942028985507,0.006550459526334394,Shan-East,Kengtung
MMR016006,0,0,0,1,0,0,4.515155223709794e-4,0,0,0,0,0.004878048780487804,0,0,0,0,0,0,Shan-East,Monghsat
MMR016007,0,3,0,0,0,0,0.002270518659376657,0,0.02479338842975207,0,0,0,0,0,0.024793388429752067,0,0,0.006198347107438017,Shan-East,Mongping
MMR016008,1,0,0,1,0,6,0.0018223984490375706,0.005025125628140704,0,0,0.005434782608695659,0.004878048780487804,0,0.005025125628140704,0,0,0.005434782608695652,0.002614977059209089,Shan-East,Mongton
MMR016009,1,8,2,13,2,5,0.02896733776879223,0.005025125628140704,0.06611570247933883,0.024390243902439025,0.004528985507246384,0.06341463414634146,0.05714285714285714,0.005025125628140704,0.06611570247933884,0.024390243902439025,0.004528985507246377,0.025015014379291236,Shan-East,Tachileik
MMR016010,0,0,0,2,0,0,9.030310447419588e-4,0,0,0,0,0.009756097560975608,0,0,0,0,0,0,Shan-East,Monghpyak
MMR016011,0,3,0,0,1,0,0.0033995481132842245,0,0.02479338842975207,0.012195121951219513,0,0,0,0,0.024793388429752067,0.012195121951219513,0,0.009247127595242894,Shan-East,Mongyawng
MMR017001,8,19,15,67,17,34,0.18163299130357097,0.04020100502512563,0.15702479338842976,0.20731707317073172,0.030797101449275374,0.32682926829268294,0.4285714285714286,0.04020100502512563,0.15702479338842976,0.2073170731707317,0.030797101449275364,0.10883499325839062,Ayeyarwady,Pathein
MMR017002,2,9,0,11,3,5,0.017079505641392843,0.010050251256281416,0.0743801652892562,0.036585365853658534,0.004528985507246384,0.05365853658536586,0,0.010050251256281407,0.0743801652892562,0.036585365853658534,0.004528985507246377,0.031386191976610626,Ayeyarwady,Kangyidaunt
MMR017003,0,1,0,0,2,2,0.003251348546047486,0,0.008264462809917364,0.024390243902439025,0.0018115942028985661,0,0,0,0.008264462809917356,0.024390243902439025,0.0018115942028985507,0.008616575228813733,Ayeyarwady,Thabaung
MMR017004,2,4,0,15,2,5,0.013972340511341434,0.010050251256281416,0.033057851239669415,0.024390243902439025,0.004528985507246384,0.07317073170731708,0,0.010050251256281407,0.03305785123966942,0.024390243902439025,0.004528985507246377,0.01800683297640906,Ayeyarwady,Ngapudaw
MMR017005,1,11,0,13,2,6,0.017823878709685534,0.005025125628140704,0.0909090909090909,0.024390243902439025,0.005434782608695659,0.06341463414634146,0,0.005025125628140704,0.09090909090909091,0.024390243902439025,0.005434782608695652,0.03143981076209157,Ayeyarwady,Kyonpyaw
MMR017006,1,11,0,16,3,3,0.019952779603045846,0.005025125628140704,0.0909090909090909,0.036585365853658534,0.0027173913043478334,0.07804878048780488,0,0.005025125628140704,0.09090909090909091,0.036585365853658534,0.002717391304347826,0.0338092434238095,Ayeyarwady,Yegyi
MMR017007,0,6,0,6,0,0,0.007250130452979191,0,0.049586776859504134,0,0,0.029268292682926838,0,0,0.049586776859504134,0,0,0.012396694214876033,Ayeyarwady,Kyaunggon
MMR017008,1,8,1,8,2,7,0.020180108861525752,0.005025125628140704,0.06611570247933883,0.024390243902439025,0.006340579710144935,0.039024390243902446,0.028571428571428567,0.005025125628140704,0.06611570247933884,0.024390243902439025,0.006340579710144928,0.025467912930015872,Ayeyarwady,Hinthada
MMR017009,1,5,0,7,2,2,0.010100848086492755,0.005025125628140704,0.04132231404958678,0.024390243902439025,0.0018115942028985661,0.034146341463414644,0,0.005025125628140704,0.04132231404958678,0.024390243902439025,0.0018115942028985507,0.018137319445766263,Ayeyarwady,Zalun
MMR017010,0,1,0,2,1,1,0.002907125094328478,0,0.008264462809917364,0.012195121951219513,9.057971014492831e-4,0.009756097560975608,0,0,0.008264462809917356,0.012195121951219513,9.057971014492754e-4,0.005341345465646536,Ayeyarwady,Lemyethna
MMR017011,1,6,2,14,4,2,0.02980855796506705,0.005025125628140704,0.049586776859504134,0.04878048780487805,0.0018115942028985661,0.06829268292682927,0.05714285714285714,0.005025125628140704,0.049586776859504134,0.04878048780487805,0.0018115942028985507,0.02630099612385536,Ayeyarwady,Myanaung
MMR017012,1,6,0,13,2,12,0.01474903119937816,0.005025125628140704,0.049586776859504134,0.024390243902439025,0.010869565217391311,0.06341463414634146,0,0.005025125628140704,0.049586776859504134,0.024390243902439025,0.010869565217391304,0.022467927901868794,Ayeyarwady,Kyangin
MMR017013,2,2,1,6,5,5,0.018548211445992595,0.010050251256281416,0.016528925619834708,0.06097560975609756,0.004528985507246384,0.029268292682926838,0.028571428571428567,0.010050251256281407,0.01652892561983471,0.06097560975609756,0.004528985507246377,0.023020943034865016,Ayeyarwady,Ingapu
MMR017014,0,6,3,15,2,0,0.03387013320368827,0,0.049586776859504134,0.024390243902439025,0,0.07317073170731708,0.08571428571428572,0,0.049586776859504134,0.024390243902439025,0,0.018494255190485788,Ayeyarwady,Myaungmya
MMR017015,0,0,1,4,0,0,0.008572163470002293,0,0,0,0,0.01951219512195123,0.028571428571428567,0,0,0,0,0,Ayeyarwady,Einme
MMR017016,0,5,1,4,2,2,0.014850870228551988,0,0.04132231404958678,0.024390243902439025,0.0018115942028985661,0.01951219512195123,0.028571428571428567,0,0.04132231404958678,0.024390243902439025,0.0018115942028985507,0.016881038038731085,Ayeyarwady,Labutta
MMR017017,1,3,1,15,1,1,0.017718140043266894,0.005025125628140704,0.02479338842975207,0.012195121951219513,9.057971014492831e-4,0.07317073170731708,0.028571428571428567,0.005025125628140704,0.024793388429752067,0.012195121951219513,9.057971014492754e-4,0.01072985827764039,Ayeyarwady,Wakema
MMR017018,3,8,1,4,3,4,0.02047146644098162,0.015075376884422119,0.06611570247933883,0.036585365853658534,0.003623188405797109,0.01951219512195123,0.028571428571428567,0.01507537688442211,0.06611570247933884,0.036585365853658534,0.0036231884057971015,0.030349908405804146,Ayeyarwady,Mawlamyinegyun
MMR017019,3,17,2,36,10,13,0.05746485207583486,0.015075376884422119,0.14049586776859505,0.12195121951219512,0.011775362318840587,0.175609756097561,0.05714285714285714,0.01507537688442211,0.14049586776859505,0.12195121951219512,0.01177536231884058,0.07232445662101322,Ayeyarwady,Maubin
MMR017020,0,1,1,6,1,0,0.011361063521777372,0,0.008264462809917364,0.012195121951219513,0,0.029268292682926838,0.028571428571428567,0,0.008264462809917356,0.012195121951219513,0,0.005114896190284217,Ayeyarwady,Pantanaw
MMR017021,0,7,1,7,4,1,0.019858929767177767,0,0.05785123966942148,0.04878048780487805,9.057971014492831e-4,0.034146341463414644,0.028571428571428567,0,0.05785123966942149,0.04878048780487805,9.057971014492754e-4,0.026884381143937205,Ayeyarwady,Nyaungdon
MMR017022,0,4,1,2,1,1,0.01194374513422351,0,0.033057851239669415,0.012195121951219513,9.057971014492831e-4,0.009756097560975608,0.028571428571428567,0,0.03305785123966942,0.012195121951219513,9.057971014492754e-4,0.011539692573084551,Ayeyarwady,Danubyu
MMR017023,0,18,2,16,6,7,0.04198131509655155,0,0.1487603305785124,0.07317073170731707,0.006340579710144935,0.07804878048780488,0.05714285714285714,0,0.1487603305785124,0.07317073170731707,0.006340579710144928,0.0570679104989936,Ayeyarwady,Pyapon
MMR017024,2,9,0,15,2,3,0.0175200881918624,0.010050251256281416,0.0743801652892562,0.024390243902439025,0.0027173913043478334,0.07317073170731708,0,0.010050251256281407,0.0743801652892562,0.024390243902439025,0.002717391304347826,0.027884512938081116,Ayeyarwady,Bogale
MMR017025,0,8,0,10,2,2,0.013064380641636146,0,0.06611570247933883,0.024390243902439025,0.0018115942028985661,0.04878048780487806,0,0,0.06611570247933884,0.024390243902439025,0.0018115942028985507,0.023079385146169102,Ayeyarwady,Kyaiklat
MMR017026,0,3,1,2,1,0,0.011068680538544557,0,0.02479338842975207,0.012195121951219513,0,0.009756097560975608,0.028571428571428567,0,0.024793388429752067,0.012195121951219513,0,0.009247127595242894,Ayeyarwady,Dedaye
MMR018001,0,3,6,113,3,3,0.0976301444597905,0,0.02479338842975207,0.036585365853658534,0.0027173913043478334,0.551219512195122,0.17142857142857143,0,0.024793388429752067,0.036585365853658534,0.002717391304347826,0.016024036396939608,Nay Pyi Taw,Zay Yar Thi Ri
MMR018002,0,7,1,5,0,2,0.014558005949358936,0,0.05785123966942148,0,0.0018115942028985661,0.024390243902439036,0.028571428571428567,0,0.05785123966942149,0,0.0018115942028985507,0.01491570846808001,Nay Pyi Taw,Za Bu Thi Ri
MMR018003,0,6,1,3,1,1,0.013908939762845594,0,0.049586776859504134,0.012195121951219513,9.057971014492831e-4,0.014634146341463426,0.028571428571428567,0,0.049586776859504134,0.012195121951219513,9.057971014492754e-4,0.01567192397804323,Nay Pyi Taw,Tatkon
MMR018004,1,0,0,1,3,1,0.004618361597993285,0.005025125628140704,0,0.036585365853658534,9.057971014492831e-4,0.004878048780487804,0,0.005025125628140704,0,0.036585365853658534,9.057971014492754e-4,0.010629072145812128,Nay Pyi Taw,Det Khi Na Thi Ri
MMR018005,0,2,1,1,2,2,0.01122580500206239,0,0.016528925619834708,0.024390243902439025,0.0018115942028985661,0.004878048780487804,0.028571428571428567,0,0.01652892561983471,0.024390243902439025,0.0018115942028985507,0.010682690931293072,Nay Pyi Taw,Poke Ba Thi Ri
MMR018006,2,13,5,4,3,34,0.05420528833393862,0.010050251256281416,0.10743801652892562,0.036585365853658534,0.030797101449275374,0.01951219512195123,0.14285714285714285,0.010050251256281407,0.10743801652892562,0.036585365853658534,0.030797101449275364,0.04621768377203523,Nay Pyi Taw,Pyinmana
MMR018007,1,3,0,2,2,5,0.006684266496046944,0.005025125628140704,0.02479338842975207,0.024390243902439025,0.004528985507246384,0.009756097560975608,0,0.005025125628140704,0.024793388429752067,0.024390243902439025,0.004528985507246377,0.014684435866894543,Nay Pyi Taw,Lewe
MMR018008,0,2,0,6,1,1,0.005470026736937948,0,0.016528925619834708,0.012195121951219513,9.057971014492831e-4,0.029268292682926838,0,0,0.01652892561983471,0.012195121951219513,9.057971014492754e-4,0.007407461168125875,Nay Pyi Taw,Oke Ta Ra Thi Ri
