admin3_pcode,battles,explosions_remote_violence,protests_and_riots,strategic_developments,violence_against_civilians,fatalities,conflict_score,index_battles,index_explosions_remote_violence,index_violence_against_civilians,index_fatalities,index_strategic_developments,index_protests_and_riots,env_battles,env_explosions_remote_violence,env_violence_against_civilians,env_fatalities,score_env,admin1,admin3,old_conflict_score
MMR001001,17,39,20,37,19,24,0.22731315136048894,0.08900523560209424,0.37500000000000006,0.2714285714285714,0.026258205689277912,0.22023809523809526,0.5714285714285714,0.08900523560209424,0.375,0.2714285714285714,0.0262582056892779,0.1904230031799859,Kachin,Myitkyina,0.25752871754408524
MMR001002,40,37,2,14,7,11,0.14864631841816503,0.20942408376963348,0.3557692307692308,0.09999999999999999,0.012035010940919043,0.08333333333333334,0.05714285714285714,0.2094240837696335,0.3557692307692308,0.1,0.012035010940919038,0.16930708136994585,Kachin,Waingmaw,0.1692582037413074
MMR001003,9,1,0,1,0,0,0.007162467816979925,0.047120418848167533,0.009615384615384618,0,0,0.00595238095238096,0,0.04712041884816754,0.009615384615384616,0,0,0.014183950865888039,Kachin,Injangyang,0.016286323240568414
MMR001004,38,18,0,12,3,56,0.05764507428940019,0.19895287958115182,0.1730769230769231,0.04285714285714286,0.06126914660831511,0.07142857142857144,0,0.19895287958115182,0.17307692307692307,0.04285714285714286,0.061269146608315096,0.11903902303088322,Kachin,Tanai,0.11373356135653806
MMR001005,0,0,0,5,0,0,0.009989517431661769,0,0,0,0,0.02976190476190477,0,0,0,0,0,0,Kachin,Chipwi,0.004790880759903989
MMR001006,3,0,0,0,0,6,0.002854097546327071,0.015706806282722505,0,0,0.00656455142231948,0,0,0.015706806282722512,0,0,0.006564551422319475,0.005567839426260497,Kachin,Tsawlaw,NA
MMR001007,28,30,8,20,15,193,0.13672683849334163,0.14659685863874344,0.2884615384615385,0.21428571428571427,0.21115973741794314,0.11904761904761905,0.22857142857142856,0.14659685863874344,0.28846153846153844,0.21428571428571427,0.2111597374179431,0.21512596220098482,Kachin,Mohnyin,0.19701949455271053
MMR001008,13,7,6,9,5,14,0.0626221477573314,0.06806282722513088,0.06730769230769232,0.07142857142857142,0.015317286652078786,0.053571428571428575,0.17142857142857143,0.06806282722513089,0.0673076923076923,0.07142857142857142,0.015317286652078774,0.05552909440336835,Kachin,Mogaung,0.08506374755679742
MMR001009,93,84,11,30,24,194,0.2580445911629891,0.4869109947643978,0.8076923076923077,0.3428571428571429,0.21225382932166306,0.17857142857142858,0.3142857142857143,0.4869109947643979,0.8076923076923077,0.34285714285714286,0.212253829321663,0.4624285686588778,Kachin,Hpakant,0.4005326391057958
MMR001010,10,20,1,26,7,19,0.06832243790570439,0.05235602094240837,0.19230769230769235,0.09999999999999999,0.02078774617067835,0.1547619047619048,0.028571428571428577,0.05235602094240838,0.19230769230769232,0.1,0.020787746170678335,0.09136286485519476,Kachin,Bhamo,0.08732515786341417
MMR001011,46,14,1,9,7,155,0.08507747707126265,0.2408376963350785,0.13461538461538464,0.09999999999999999,0.16958424507658645,0.053571428571428575,0.028571428571428577,0.24083769633507854,0.1346153846153846,0.1,0.16958424507658643,0.1612593315067624,Kachin,Shwegu,0.1450541265872452
MMR001012,106,78,0,14,11,140,0.2291755160668748,0.5549738219895288,0.7500000000000001,0.15714285714285714,0.15317286652078774,0.08333333333333334,0,0.5549738219895288,0.75,0.15714285714285714,0.15317286652078774,0.4038223864132934,Kachin,Momauk,0.3663404894849675
MMR001013,30,19,0,1,0,8,0.07390758140884945,0.15706806282722513,0.1826923076923077,0,0.008752735229759306,0.00595238095238096,0,0.15706806282722513,0.18269230769230768,0,0.0087527352297593,0.08712827643732302,Kachin,Mansi,0.05675526881949739
MMR001014,32,7,0,24,7,66,0.05789476491349758,0.1675392670157068,0.06730769230769232,0.09999999999999999,0.07221006564551424,0.14285714285714288,0,0.16753926701570682,0.0673076923076923,0.1,0.07221006564551423,0.10176425624222835,Kachin,Puta-O,0.06312482029995413
MMR001015,18,0,0,3,2,22,0.02200451260873998,0.09424083769633507,0,0.028571428571428564,0.024070021881838086,0.017857142857142867,0,0.09424083769633508,0,0.02857142857142857,0.024070021881838075,0.03672057203740043,Kachin,Sumprabum,0.026808630777613578
MMR001016,1,0,0,1,0,0,0.0011116111485747254,0.00523560209424083,0,0,0,0.00595238095238096,0,0.005235602094240838,0,0,0,0.0013089005235602095,Kachin,Machanbaw,0.0026955388323867324
MMR001017,0,0,0,5,1,0,0.0033012445969768083,0,0,0.014285714285714282,0,0.02976190476190477,0,0,0,0.014285714285714285,0,0.0035714285714285713,Kachin,Nawngmun,0.008474096105586013
MMR001018,0,0,0,0,1,0,0.0011015836809790628,0,0,0.014285714285714282,0,0,0,0,0,0.014285714285714285,0,0.0035714285714285713,Kachin,Khaunglanhpu,0.0024854951557060257
MMR002001,80,44,11,49,28,264,0.3029087131602485,0.41884816753926696,0.4230769230769231,0.39999999999999997,0.288840262582057,0.2916666666666667,0.3142857142857143,0.418848167539267,0.4230769230769231,0.4,0.2888402625820569,0.3826913382995618,Kayah,Loikaw,0.24568889085516094
MMR002002,160,66,1,47,28,740,0.4732281863681852,0.837696335078534,0.6346153846153847,0.39999999999999997,0.8096280087527352,0.2797619047619048,0.028571428571428577,0.837696335078534,0.6346153846153846,0.4,0.8096280087527352,0.6704849321116635,Kayah,Demoso,0.3986184108747939
MMR002003,39,14,0,6,5,185,0.10342728227454381,0.2041884816753927,0.13461538461538464,0.07142857142857142,0.20240700218818383,0.03571428571428572,0,0.20418848167539266,0.1346153846153846,0.07142857142857142,0.2024070021881838,0.15315985997688314,Kayah,Hpruso,0.07916809925944682
MMR002004,8,0,0,0,0,32,0.01028676244104207,0.0418848167539267,0,0,0.03501094091903721,0,0,0.041884816753926704,0,0,0.0350109409190372,0.019223939418240975,Kayah,Shadaw,0.007079337736004112
MMR002005,16,3,0,7,3,51,0.02666787638179214,0.0837696335078534,0.02884615384615385,0.04285714285714286,0.05579868708971555,0.04166666666666667,0,0.08376963350785341,0.028846153846153848,0.04285714285714286,0.05579868708971553,0.05281790432521641,Kayah,Bawlake,0.039517947352819695
MMR002006,4,0,0,0,0,0,0.00303051239768301,0.02094240837696334,0,0,0,0,0,0.020942408376963352,0,0,0,0.005235602094240838,Kayah,Hpasawng,0.005991274569642938
MMR003001,25,28,6,30,13,88,0.11189258343553786,0.13089005235602094,0.2692307692307693,0.18571428571428572,0.0962800875273523,0.17857142857142858,0.17142857142857143,0.13089005235602094,0.2692307692307692,0.18571428571428572,0.0962800875273523,0.17052879870710705,Kayin,Hpa-An,0.1402039233534155
MMR003002,1,6,0,4,2,9,0.03469387648617323,0.00523560209424083,0.0576923076923077,0.028571428571428564,0.009846827133479223,0.02380952380952381,0,0.005235602094240838,0.057692307692307696,0.02857142857142857,0.009846827133479213,0.02533654137286408,Kayin,Hlaingbwe,0.017334120626334704
MMR003003,81,71,0,34,8,352,0.3263878572334436,0.4240837696335078,0.6826923076923077,0.1142857142857143,0.38512035010940926,0.2023809523809524,0,0.42408376963350786,0.6826923076923077,0.11428571428571428,0.3851203501094092,0.40154553543023475,Kayin,Hpapun,0.3058836838045253
MMR003004,16,10,0,5,4,42,0.051633930130636885,0.0837696335078534,0.09615384615384617,0.057142857142857134,0.04595185995623633,0.02976190476190477,0,0.08376963350785341,0.09615384615384616,0.05714285714285714,0.045951859956236324,0.07075454919019826,Kayin,Thandaunggyi,0.020477576742283204
MMR003005,84,48,8,41,12,406,0.25542848822848513,0.43979057591623033,0.4615384615384616,0.17142857142857143,0.44420131291028453,0.24404761904761907,0.22857142857142856,0.4397905759162304,0.46153846153846156,0.17142857142857143,0.4442013129102845,0.37923973044838694,Kayin,Myawaddy,0.2358326676956738
MMR003006,56,28,3,22,7,196,0.13931885438029165,0.2931937172774869,0.2692307692307693,0.09999999999999999,0.21444201312910285,0.13095238095238096,0.08571428571428572,0.2931937172774869,0.2692307692307692,0.1,0.21444201312910285,0.21921662490933974,Kayin,Kawkareik,0.13287171303569215
MMR003007,26,20,2,9,12,43,0.06585092828154966,0.13612565445026176,0.19230769230769235,0.17142857142857143,0.04704595185995624,0.053571428571428575,0.05714285714285714,0.13612565445026178,0.19230769230769232,0.17142857142857143,0.047045951859956234,0.13672696751162045,Kayin,Kyainseikgyi,0.09871791476834883
MMR004001,34,17,1,43,8,275,0.11569191193271573,0.17801047120418848,0.16346153846153846,0.1142857142857143,0.30087527352297594,0.255952380952381,0.028571428571428577,0.17801047120418848,0.16346153846153846,0.11428571428571428,0.30087527352297594,0.1891582493686043,Chin,Falam,0.08111154965361414
MMR004002,33,11,7,31,6,160,0.11563150983480651,0.17277486910994763,0.10576923076923078,0.08571428571428572,0.175054704595186,0.18452380952380953,0.2,0.17277486910994763,0.10576923076923077,0.08571428571428572,0.175054704595186,0.13482827254716254,Chin,Hakha,0.17673404444595903
MMR004003,22,9,0,27,4,115,0.08377225859684494,0.11518324607329843,0.08653846153846155,0.057142857142857134,0.12582056892778995,0.16071428571428573,0,0.11518324607329843,0.08653846153846154,0.05714285714285714,0.12582056892778992,0.09617128342060176,Chin,Thantlang,0.10420453912122223
MMR004004,27,8,0,12,11,130,0.059130985738557705,0.1413612565445026,0.07692307692307694,0.15714285714285714,0.1422319474835886,0.07142857142857144,0,0.14136125654450263,0.07692307692307693,0.15714285714285714,0.1422319474835886,0.12941478452350633,Chin,Tedim,0.05595425628542317
MMR004005,2,0,0,1,0,12,0.0034614114143529853,0.010471204188481667,0,0,0.01312910284463896,0.00595238095238096,0,0.010471204188481676,0,0,0.01312910284463895,0.005900076758280156,Chin,Tonzang,0.001197720189975998
MMR004006,92,20,1,42,9,415,0.1976579611705654,0.481675392670157,0.19230769230769235,0.1285714285714286,0.45404814004376376,0.25,0.028571428571428577,0.4816753926701571,0.19230769230769232,0.12857142857142856,0.4540481400437637,0.3141506633982604,Chin,Mindat,0.2853963664807971
MMR004007,51,19,1,34,8,286,0.13148477262989314,0.26701570680628267,0.1826923076923077,0.1142857142857143,0.31291028446389507,0.2023809523809524,0.028571428571428577,0.2670157068062827,0.18269230769230768,0.11428571428571428,0.31291028446389496,0.21922600331204994,Chin,Matupi,0.07230131607971739
MMR004008,39,3,0,13,4,127,0.06083479711752324,0.2041884816753927,0.02884615384615385,0.057142857142857134,0.13894967177242892,0.0773809523809524,0,0.20418848167539266,0.028846153846153848,0.05714285714285714,0.1389496717724289,0.10728179110920814,Chin,Kanpetlet,0.07735692382351121
MMR004009,7,6,1,12,1,19,0.04200357979070341,0.03664921465968586,0.0576923076923077,0.014285714285714282,0.02078774617067835,0.07142857142857144,0.028571428571428577,0.03664921465968586,0.057692307692307696,0.014285714285714285,0.020787746170678335,0.032353745702096544,Chin,Paletwa,0.03237493880250704
MMR005001,14,32,4,47,14,96,0.1027532987816702,0.07329842931937172,0.3076923076923077,0.19999999999999998,0.10503282275711161,0.2797619047619048,0.11428571428571428,0.07329842931937172,0.3076923076923077,0.2,0.1050328227571116,0.17150588994219773,Sagaing,Sagaing,0.13037574851322362
MMR005002,21,37,2,13,8,177,0.09811736195857185,0.10994764397905758,0.3557692307692308,0.1142857142857143,0.19365426695842453,0.0773809523809524,0.05714285714285714,0.1099476439790576,0.3557692307692308,0.11428571428571428,0.1936542669584245,0.1934142139981068,Sagaing,Myinmu,0.06252946923152464
MMR005003,24,42,0,55,21,307,0.14648830943105762,0.1256544502617801,0.40384615384615385,0.3,0.33588621444201316,0.3273809523809524,0,0.1256544502617801,0.40384615384615385,0.3,0.3358862144420131,0.2913467046374868,Sagaing,Myaung,0.2258076683618385
MMR005004,21,58,13,50,37,252,0.29224734536792585,0.10994764397905758,0.5576923076923077,0.5285714285714286,0.275711159737418,0.2976190476190476,0.3714285714285714,0.1099476439790576,0.5576923076923077,0.5285714285714286,0.27571115973741794,0.367980634995053,Sagaing,Shwebo,0.23132166863818684
MMR005005,56,60,2,81,67,347,0.24830266665027828,0.2931937172774869,0.576923076923077,0.9571428571428573,0.37964989059080967,0.48214285714285726,0.05714285714285714,0.2931937172774869,0.5769230769230769,0.9571428571428572,0.3796498905908096,0.5517273854835576,Sagaing,Khin-U,0.3188169551971124
MMR005006,20,29,1,49,28,176,0.1156294286241967,0.10471204188481674,0.27884615384615385,0.39999999999999997,0.1925601750547046,0.2916666666666667,0.028571428571428577,0.10471204188481675,0.27884615384615385,0.4,0.1925601750547046,0.2440295926964188,Sagaing,Wetlet,0.15183640037891
MMR005007,13,25,1,39,25,96,0.09635706703893021,0.06806282722513088,0.2403846153846154,0.35714285714285715,0.10503282275711161,0.23214285714285715,0.028571428571428577,0.06806282722513089,0.2403846153846154,0.35714285714285715,0.1050328227571116,0.19265578062742875,Sagaing,Kanbalu,0.09207634226751396
MMR005008,7,8,0,16,9,49,0.06837506194964024,0.03664921465968586,0.07692307692307694,0.1285714285714286,0.05361050328227572,0.09523809523809525,0,0.03664921465968586,0.07692307692307693,0.12857142857142856,0.053610503282275714,0.07393855585911677,Sagaing,Kyunhla,0.05844291866717362
MMR005009,24,42,0,50,27,266,0.18993547341556416,0.1256544502617801,0.40384615384615385,0.38571428571428573,0.2910284463894968,0.2976190476190476,0,0.1256544502617801,0.40384615384615385,0.38571428571428573,0.2910284463894967,0.3015608340529291,Sagaing,Ye-U,0.14105478770191193
MMR005010,26,49,1,72,27,347,0.1775263466489167,0.13612565445026176,0.4711538461538462,0.38571428571428573,0.37964989059080967,0.42857142857142855,0.028571428571428577,0.13612565445026178,0.47115384615384615,0.38571428571428573,0.3796498905908096,0.34316091922730085,Sagaing,Tabayin,0.30423228699967503
MMR005011,17,57,1,58,48,302,0.24995230898876497,0.08900523560209424,0.5480769230769231,0.6857142857142858,0.3304157549234136,0.3452380952380953,0.028571428571428577,0.08900523560209424,0.5480769230769231,0.6857142857142857,0.3304157549234136,0.4133030498291792,Sagaing,Taze,0.27134840554634115
MMR005012,42,104,15,79,65,251,0.3231768982191175,0.21989528795811517,1,0.9285714285714286,0.2746170678336981,0.4702380952380953,0.4285714285714285,0.2198952879581152,1,0.9285714285714286,0.27461706783369805,0.6057709460908105,Sagaing,Monywa,0.4491456393528521
MMR005013,17,36,0,19,19,151,0.08884963997724579,0.08900523560209424,0.34615384615384615,0.2714285714285714,0.1652078774617068,0.1130952380952381,0,0.08900523560209424,0.34615384615384615,0.2714285714285714,0.1652078774617068,0.21794888266155465,Sagaing,Budalin,0.091309929712035
MMR005014,24,33,0,28,20,140,0.09240317495453369,0.1256544502617801,0.31730769230769235,0.2857142857142857,0.15317286652078774,0.16666666666666669,0,0.1256544502617801,0.3173076923076923,0.2857142857142857,0.15317286652078774,0.22046232370113647,Sagaing,Ayadaw,0.1349437904498207
MMR005015,18,24,1,17,12,294,0.09569730332900718,0.09424083769633507,0.2307692307692308,0.17142857142857143,0.3216630196936543,0.1011904761904762,0.028571428571428577,0.09424083769633508,0.23076923076923078,0.17142857142857143,0.32166301969365424,0.20452541489694787,Sagaing,Chaung-U,0.09499665825414018
MMR005016,87,76,5,83,45,556,0.3270714236572799,0.4554973821989528,0.730769230769231,0.6428571428571429,0.6083150984682714,0.4940476190476191,0.14285714285714285,0.45549738219895286,0.7307692307692307,0.6428571428571429,0.6083150984682714,0.6093597135733995,Sagaing,Yinmarbin,0.35264904944957803
MMR005017,80,48,0,96,39,566,0.28351587409653684,0.41884816753926696,0.4615384615384616,0.5571428571428572,0.6192560175054704,0.5714285714285715,0,0.418848167539267,0.46153846153846156,0.5571428571428572,0.6192560175054704,0.514196375931514,Sagaing,Kani,0.41402168615969503
MMR005018,10,22,0,10,13,130,0.06885651141293962,0.05235602094240837,0.21153846153846154,0.18571428571428572,0.1422319474835886,0.05952380952380953,0,0.05235602094240838,0.21153846153846154,0.18571428571428572,0.1422319474835886,0.14796017891968605,Sagaing,Salingyi,0.07643692635239269
MMR005019,79,53,0,41,20,610,0.24040219535271237,0.4136125654450261,0.5096153846153847,0.2857142857142857,0.6673960612691465,0.24404761904761907,0,0.41361256544502617,0.5096153846153846,0.2857142857142857,0.6673960612691466,0.46908457426096084,Sagaing,Pale,0.3185781811688067
MMR005020,56,34,0,41,3,533,0.15652499518509413,0.2931937172774869,0.3269230769230769,0.04285714285714286,0.5831509846827133,0.24404761904761907,0,0.2931937172774869,0.3269230769230769,0.04285714285714286,0.5831509846827133,0.311531230435105,Sagaing,Katha,0.18100745284833591
MMR005021,12,13,2,4,2,96,0.04532865860582544,0.06282722513089005,0.12500000000000003,0.028571428571428564,0.10503282275711161,0.02380952380952381,0.05714285714285714,0.06282722513089005,0.125,0.02857142857142857,0.1050328227571116,0.08035786911485757,Sagaing,Indaw,0.03534677602057302
MMR005022,32,49,0,25,17,439,0.14580404727983662,0.1675392670157068,0.4711538461538462,0.24285714285714288,0.48030634573304165,0.14880952380952384,0,0.16753926701570682,0.47115384615384615,0.24285714285714285,0.4803063457330416,0.3404641504399344,Sagaing,Tigyaing,0.18190106845576132
MMR005023,1,0,0,0,0,3,0.0010912092904759472,0.00523560209424083,0,0,0.003282275711159744,0,0,0.005235602094240838,0,0,0.0032822757111597373,0.002129469451350144,Sagaing,Banmauk,NA
MMR005024,15,18,3,21,10,244,0.09425896617657771,0.078534031413612565,0.1730769230769231,0.14285714285714285,0.2669584245076587,0.12500000000000003,0.08571428571428572,0.078534031413612565,0.17307692307692307,0.14285714285714285,0.26695842450765866,0.16535663046383428,Sagaing,Kawlin,0.1947363908409376
MMR005025,2,3,0,1,2,20,0.011090388227197425,0.010471204188481667,0.02884615384615385,0.028571428571428564,0.02188183807439826,0.00595238095238096,0,0.010471204188481676,0.028846153846153848,0.02857142857142857,0.02188183807439825,0.022442656170115587,Sagaing,Wuntho,0.009116156005278124
MMR005026,18,6,1,13,6,128,0.09583182475470853,0.09424083769633507,0.0576923076923077,0.08571428571428572,0.1400437636761488,0.0773809523809524,0.028571428571428577,0.09424083769633508,0.057692307692307696,0.08571428571428572,0.1400437636761488,0.09442279869476933,Sagaing,Pinlebu,0.08020867923339095
MMR005027,120,96,8,168,70,914,0.5317735668939273,0.6282722513089005,0.9230769230769232,1,1,1,0.22857142857142856,0.6282722513089005,0.9230769230769231,1,1,0.8878372935964559,Sagaing,Kale,0.6108640843380558
MMR005028,2,2,0,5,0,30,0.009093171988563372,0.010471204188481667,0.019230769230769235,0,0.032822757111597385,0.02976190476190477,0,0.010471204188481676,0.019230769230769232,0,0.03282275711159737,0.01563118263271207,Sagaing,Kalewa,0.022085339191539526
MMR005029,66,24,0,58,37,540,0.28101399448268766,0.34554973821989526,0.2307692307692308,0.5285714285714286,0.5908096280087527,0.3452380952380953,0,0.34554973821989526,0.23076923076923078,0.5285714285714286,0.5908096280087527,0.42392500639232683,Sagaing,Mingin,0.26515448289092003
MMR005030,30,8,2,12,11,200,0.08200918378679437,0.15706806282722513,0.07692307692307694,0.15714285714285714,0.21881838074398255,0.07142857142857144,0.05714285714285714,0.15706806282722513,0.07692307692307693,0.15714285714285714,0.2188183807439825,0.15248809440928543,Sagaing,Tamu,0.11955712852827154
MMR005031,2,3,0,0,1,17,0.006854554956845134,0.010471204188481667,0.02884615384615385,0.014285714285714282,0.018599562363238523,0,0,0.010471204188481676,0.028846153846153848,0.014285714285714285,0.018599562363238512,0.01805065867089708,Sagaing,Mawlaik,0.0016082352688958036
MMR005032,3,1,0,8,0,38,0.011525970091735465,0.015706806282722505,0.009615384615384618,0,0.04157549234135668,0.04761904761904762,0,0.015706806282722512,0.009615384615384616,0,0.04157549234135667,0.01672442080986595,Sagaing,Paungbyin,0.001197720189975998
MMR005033,5,3,2,9,1,10,0.022924197642957955,0.026178010471204185,0.02884615384615385,0.014285714285714282,0.010940919037199133,0.053571428571428575,0.05714285714285714,0.02617801047120419,0.028846153846153848,0.014285714285714285,0.010940919037199124,0.02006269941006786,Sagaing,Hkamti,0.031829447427476426
MMR005034,11,7,2,7,9,24,0.03955458448206115,0.05759162303664921,0.06730769230769232,0.1285714285714286,0.026258205689277912,0.04166666666666667,0.05714285714285714,0.05759162303664921,0.0673076923076923,0.12857142857142856,0.0262582056892779,0.06993223740126199,Sagaing,Homalin,0.0652842111429552
MMR005035,0,1,0,0,0,0,6.774249454037838e-4,0,0.009615384615384618,0,0,0,0,0,0.009615384615384616,0,0,0.002403846153846154,Sagaing,Lay Shi,NA
MMR005037,1,0,0,0,0,6,0.0015107396155767173,0.00523560209424083,0,0,0.00656455142231948,0,0,0.005235602094240838,0,0,0.006564551422319475,0.002950038379140078,Sagaing,Nanyun,0.003714288764215227
MMR006001,29,14,18,51,29,124,0.20546101972521516,0.1518324607329843,0.13461538461538464,0.41428571428571426,0.13566739606126918,0.3035714285714286,0.5142857142857142,0.1518324607329843,0.1346153846153846,0.4142857142857143,0.13566739606126915,0.20910023892383806,Tanintharyi,Dawei,0.2405108966767509
MMR006002,17,4,2,35,28,43,0.0774575998985953,0.08900523560209424,0.03846153846153847,0.39999999999999997,0.04704595185995624,0.20833333333333334,0.05714285714285714,0.08900523560209424,0.038461538461538464,0.4,0.047045951859956234,0.14362818148089723,Tanintharyi,Launglon,0.10514862958759633
MMR006003,17,3,0,14,14,60,0.043709142961590584,0.08900523560209424,0.02884615384615385,0.19999999999999998,0.06564551422319477,0.08333333333333334,0,0.08900523560209424,0.028846153846153848,0.2,0.06564551422319474,0.09587422591786071,Tanintharyi,Thayetchaung,0.0599174150558596
MMR006004,10,16,2,20,11,32,0.05402076330247435,0.05235602094240837,0.15384615384615388,0.15714285714285714,0.03501094091903721,0.11904761904761905,0.05714285714285714,0.05235602094240838,0.15384615384615385,0.15714285714285714,0.0350109409190372,0.09958899321261414,Tanintharyi,Yebyu,0.06348381038453674
MMR006005,7,6,7,22,11,55,0.07701304106054885,0.03664921465968586,0.0576923076923077,0.15714285714285714,0.0601750547045952,0.13095238095238096,0.2,0.03664921465968586,0.057692307692307696,0.15714285714285714,0.060175054704595186,0.07791485854986147,Tanintharyi,Myeik,0.08941572553437045
MMR006006,2,0,0,2,1,2,0.003604492861529028,0.010471204188481667,0,0.014285714285714282,0.0021881838074398344,0.011904761904761906,0,0.010471204188481676,0,0.014285714285714285,0.002188183807439825,0.006736275570408947,Tanintharyi,Kyunsu,0.00488093553565802
MMR006007,29,16,0,23,18,118,0.07926135157264029,0.1518324607329843,0.15384615384615388,0.2571428571428572,0.1291028446389497,0.13690476190476192,0,0.1518324607329843,0.15384615384615385,0.2571428571428571,0.12910284463894967,0.17298107909023624,Tanintharyi,Palaw,0.08269480799721265
MMR006008,27,4,0,13,9,52,0.04632873634693125,0.1413612565445026,0.03846153846153847,0.1285714285714286,0.05689277899343546,0.0773809523809524,0,0.14136125654450263,0.038461538461538464,0.12857142857142856,0.05689277899343545,0.09132175064272627,Tanintharyi,Tanintharyi,0.0316187967608238
MMR006009,1,0,4,8,2,10,0.029940978676118554,0.00523560209424083,0,0.028571428571428564,0.010940919037199133,0.04761904761904762,0.11428571428571428,0.005235602094240838,0,0.02857142857142857,0.010940919037199124,0.011186987425717134,Tanintharyi,Kawthoung,0.04348640098100072
MMR006010,3,0,0,1,0,3,0.0028744994044258504,0.015706806282722505,0,0,0.003282275711159744,0.00595238095238096,0,0.015706806282722512,0,0,0.0032822757111597373,0.004747270498470562,Tanintharyi,Bokpyin,NA
MMR007001,0,20,11,26,15,122,0.11947905205539353,0,0.19230769230769235,0.21428571428571427,0.13347921225382936,0.1547619047619048,0.3142857142857143,0,0.19230769230769232,0.21428571428571427,0.13347921225382933,0.13501815471180897,Bago-East,Bago,0.20092025597253138
MMR007003,2,5,0,3,1,2,0.007431549771747497,0.010471204188481667,0.048076923076923087,0.014285714285714282,0.0021881838074398344,0.017857142857142867,0,0.010471204188481676,0.04807692307692308,0.014285714285714285,0.002188183807439825,0.018755506339639717,Bago-East,Kawa,0.011683288298208647
MMR007004,0,6,0,3,4,6,0.010629741596139141,0,0.0576923076923077,0.057142857142857134,0.00656455142231948,0.017857142857142867,0,0,0.057692307692307696,0.05714285714285714,0.006564551422319475,0.03034992906437108,Bago-East,Waw,0.01661317521766831
MMR007005,5,10,2,6,2,16,0.028287020042366395,0.026178010471204185,0.09615384615384617,0.028571428571428564,0.017505470459518606,0.03571428571428572,0.05714285714285714,0.02617801047120419,0.09615384615384616,0.02857142857142857,0.0175054704595186,0.042102188913999375,Bago-East,Nyaunglebin,0.04813753977681366
MMR007006,0,2,3,6,3,5,0.024609591591083058,0,0.019230769230769235,0.04285714285714286,0.00547045951859957,0.03571428571428572,0.08571428571428572,0,0.019230769230769232,0.04285714285714286,0.005470459518599562,0.016889592901627913,Bago-East,Kyauktaga,0.03829138494264156
MMR007007,0,5,1,5,2,5,0.014026230330022649,0,0.048076923076923087,0.028571428571428564,0.00547045951859957,0.02976190476190477,0.028571428571428577,0,0.04807692307692308,0.02857142857142857,0.005470459518599562,0.020529702791737804,Bago-East,Daik-U,0.01825556443137159
MMR007008,0,1,0,3,1,11,0.00463708303468432,0,0.009615384615384618,0.014285714285714282,0.012035010940919043,0.017857142857142867,0,0,0.009615384615384616,0.014285714285714285,0.012035010940919038,0.008984027460504484,Bago-East,Shwegyin,0.009264924395465366
MMR007009,7,7,3,9,4,15,0.03693656950899696,0.03664921465968586,0.06730769230769232,0.057142857142857134,0.016411378555798696,0.053571428571428575,0.08571428571428572,0.03664921465968586,0.0673076923076923,0.05714285714285714,0.016411378555798686,0.0443777856665085,Bago-East,Taungoo,0.050243620266264485
MMR007010,2,1,0,3,6,16,0.012187576578831271,0.010471204188481667,0.009615384615384618,0.08571428571428572,0.017505470459518606,0.017857142857142867,0,0.010471204188481676,0.009615384615384616,0.08571428571428572,0.0175054704595186,0.030826586244417652,Bago-East,Yedashe,0.014594994516532981
MMR007011,14,8,0,6,3,54,0.033421308663603454,0.07329842931937172,0.07692307692307694,0.04285714285714286,0.059080962800875284,0.03571428571428572,0,0.07329842931937172,0.07692307692307693,0.04285714285714286,0.05908096280087528,0.06303990297511669,Bago-East,Kyaukkyi,0.06048777313828801
MMR007012,2,5,2,4,2,8,0.020886246519220796,0.010471204188481667,0.048076923076923087,0.028571428571428564,0.008752735229759306,0.02380952380952381,0.05714285714285714,0.010471204188481676,0.04807692307692308,0.02857142857142857,0.0087527352297593,0.023968072766648155,Bago-East,Phyu,0.0349462909150724
MMR007013,0,0,0,1,1,1,0.0016813593058788699,0,0,0.014285714285714282,0.0010940919037199172,0.00595238095238096,0,0,0,0.014285714285714285,0.0010940919037199124,0.003844951547358549,Bago-East,Oktwin,0.004052627032649439
MMR007014,5,2,0,2,4,17,0.012605980007691371,0.026178010471204185,0.019230769230769235,0.057142857142857134,0.018599562363238523,0.011904761904761906,0,0.02617801047120419,0.019230769230769232,0.05714285714285714,0.018599562363238512,0.03028779980201727,Bago-East,Htantabin,0.021535895739661703
MMR008001,1,20,4,34,12,27,0.0683208896660775,0.00523560209424083,0.19230769230769235,0.17142857142857143,0.029540481400437645,0.2023809523809524,0.11428571428571428,0.005235602094240838,0.19230769230769232,0.17142857142857143,0.02954048140043764,0.09962808680773555,Bago-West,Pyay,0.11382699676765003
MMR008002,0,0,0,1,0,0,4.399321831995495e-4,0,0,0,0,0.00595238095238096,0,0,0,0,0,0,Bago-West,Paukkhaung,0.001197720189975998
MMR008003,0,5,0,9,0,0,0.00734651437581486,0,0.048076923076923087,0,0,0.053571428571428575,0,0,0.04807692307692308,0,0,0.01201923076923077,Bago-West,Padaung,0.018820658054262994
MMR008004,5,13,0,11,10,21,0.030956722217816136,0.026178010471204185,0.12500000000000003,0.14285714285714285,0.022975929978118165,0.0654761904761905,0,0.02617801047120419,0.125,0.14285714285714285,0.022975929978118162,0.0792527708266163,Bago-West,Paungde,0.04466920323271433
MMR008005,1,2,0,7,3,11,0.009949083040219601,0.00523560209424083,0.019230769230769235,0.04285714285714286,0.012035010940919043,0.04166666666666667,0,0.005235602094240838,0.019230769230769232,0.04285714285714286,0.012035010940919038,0.019839631280767992,Bago-West,Thegon,0.014365933581223279
MMR008006,1,1,0,3,2,2,0.005151754705736248,0.00523560209424083,0.009615384615384618,0.028571428571428564,0.0021881838074398344,0.017857142857142867,0,0.005235602094240838,0.009615384615384616,0.02857142857142857,0.002188183807439825,0.011402649772123463,Bago-West,Shwedaung,0.004463142111569245
MMR008007,0,5,0,15,0,0,0.009986107475012154,0,0.048076923076923087,0,0,0.0892857142857143,0,0,0.04807692307692308,0,0,0.01201923076923077,Bago-West,Thayarwady,0.017999627896423377
MMR008008,0,1,0,4,1,1,0.0036785808008813,0,0.009615384615384618,0.014285714285714282,0.0010940919037199172,0.02380952380952381,0,0,0.009615384615384616,0.014285714285714285,0.0010940919037199124,0.006248797701204703,Bago-West,Letpadan,0.008056302681497237
MMR008009,2,2,0,5,0,6,0.005736929387757207,0.010471204188481667,0.019230769230769235,0,0.00656455142231948,0.02976190476190477,0,0.010471204188481676,0.019230769230769232,0,0.006564551422319475,0.009066631210392596,Bago-West,Minhla,0.006809631107719599
MMR008010,1,2,1,3,1,1,0.010124812645007286,0.00523560209424083,0.019230769230769235,0.014285714285714282,0.0010940919037199172,0.017857142857142867,0.028571428571428577,0.005235602094240838,0.019230769230769232,0.014285714285714285,0.0010940919037199124,0.009961544378611065,Bago-West,Okpho,0.012943182319382442
MMR008011,0,3,0,1,0,2,0.0027518939028114155,0,0.02884615384615385,0,0.0021881838074398344,0.00595238095238096,0,0,0.028846153846153848,0,0.002188183807439825,0.007758584413398419,Bago-West,Zigon,0.0039552939117264395
MMR008012,9,6,0,7,9,47,0.029676080531919776,0.047120418848167533,0.0576923076923077,0.1285714285714286,0.051422319474835894,0.04166666666666667,0,0.04712041884816754,0.057692307692307696,0.12857142857142856,0.05142231947483589,0.07120161864668492,Bago-West,Nattalin,0.02108645925035944
MMR008013,1,1,1,3,1,2,0.009587231141303759,0.00523560209424083,0.009615384615384618,0.014285714285714282,0.0021881838074398344,0.017857142857142867,0.028571428571428577,0.005235602094240838,0.009615384615384616,0.014285714285714285,0.002188183807439825,0.00783122120069489,Bago-West,Monyo,0.01342301063283493
MMR008014,3,5,1,2,3,10,0.01652227156602988,0.015706806282722505,0.048076923076923087,0.04285714285714286,0.010940919037199133,0.011904761904761906,0.028571428571428577,0.015706806282722512,0.04807692307692308,0.04285714285714286,0.010940919037199124,0.029395447813496893,Bago-West,Gyobingauk,0.02172318203779629
MMR009001,3,21,9,33,12,29,0.09786672782516546,0.015706806282722505,0.20192307692307693,0.17142857142857143,0.031728665207877475,0.19642857142857142,0.2571428571428571,0.015706806282722512,0.20192307692307693,0.17142857142857143,0.03172866520787746,0.10519677996056208,Magway,Magway,0.15974018963908382
MMR009002,0,4,1,6,2,2,0.013369207242717644,0,0.03846153846153847,0.028571428571428564,0.0021881838074398344,0.03571428571428572,0.028571428571428577,0,0.038461538461538464,0.02857142857142857,0.002188183807439825,0.017305287710101713,Magway,Yenangyaung,0.025524092355132352
MMR009003,0,2,1,5,3,2,0.012676008849689592,0,0.019230769230769235,0.04285714285714286,0.0021881838074398344,0.02976190476190477,0.028571428571428577,0,0.019230769230769232,0.04285714285714286,0.002188183807439825,0.016069023973837977,Magway,Chauk,0.019912181437388755
MMR009004,3,16,3,47,30,23,0.0864057385710824,0.015706806282722505,0.15384615384615388,0.42857142857142855,0.025164113785557992,0.2797619047619048,0.08571428571428572,0.015706806282722512,0.15384615384615385,0.42857142857142855,0.02516411378555799,0.15582212562146572,Magway,Taungdwingyi,0.17678362408489304
MMR009005,1,7,0,8,11,7,0.022029435631469543,0.00523560209424083,0.06730769230769232,0.15714285714285714,0.007658643326039397,0.04761904761904762,0,0.005235602094240838,0.0673076923076923,0.15714285714285714,0.007658643326039387,0.059336198717707414,Magway,Myothit,0.046972104951449684
MMR009006,4,6,0,16,12,11,0.03224041028839268,0.02094240837696334,0.0576923076923077,0.17142857142857143,0.012035010940919043,0.09523809523809525,0,0.020942408376963352,0.057692307692307696,0.17142857142857143,0.012035010940919038,0.06552457460969037,Magway,Natmauk,0.050941955553514065
MMR009007,1,8,1,12,0,1,0.01784649523187072,0.00523560209424083,0.07692307692307694,0,0.0010940919037199172,0.07142857142857144,0.028571428571428577,0.005235602094240838,0.07692307692307693,0,0.0010940919037199124,0.02081319273025942,Magway,Minbu,0.022099302423252396
MMR009008,2,21,3,20,7,14,0.05064799974851755,0.010471204188481667,0.20192307692307693,0.09999999999999999,0.015317286652078786,0.11904761904761905,0.08571428571428572,0.010471204188481676,0.20192307692307693,0.1,0.015317286652078774,0.08192789194090935,Magway,Pwintbyu,0.08561911983614248
MMR009009,2,7,2,5,1,28,0.024376313746253986,0.010471204188481667,0.06730769230769232,0.014285714285714282,0.030634573304157555,0.02976190476190477,0.05714285714285714,0.010471204188481676,0.0673076923076923,0.014285714285714285,0.030634573304157548,0.030674796021511453,Magway,Ngape,0.018468688634326564
MMR009010,1,7,1,8,6,24,0.024435915852025175,0.00523560209424083,0.06730769230769232,0.08571428571428572,0.026258205689277912,0.04761904761904762,0.028571428571428577,0.005235602094240838,0.0673076923076923,0.08571428571428572,0.0262582056892779,0.04612894645137419,Magway,Salin,0.03798991989736465
MMR009011,3,2,0,6,1,13,0.008929028309212795,0.015706806282722505,0.019230769230769235,0.014285714285714282,0.01422319474835887,0.03571428571428572,0,0.015706806282722512,0.019230769230769232,0.014285714285714285,0.014223194748358862,0.015861621136891223,Magway,Sidoktaya,0.00488093553565802
MMR009012,2,3,0,4,2,5,0.008037746070219311,0.010471204188481667,0.02884615384615385,0.028571428571428564,0.00547045951859957,0.02380952380952381,0,0.010471204188481676,0.028846153846153848,0.02857142857142857,0.005470459518599562,0.018339811531165914,Magway,Thayet,0.016943777441955972
MMR009013,0,3,0,7,0,0,0.005111800118608194,0,0.02884615384615385,0,0,0.04166666666666667,0,0,0.028846153846153848,0,0,0.007211538461538462,Magway,Minhla,0.011600511867623587
MMR009014,2,5,0,6,0,14,0.009327883940770162,0.010471204188481667,0.048076923076923087,0,0.015317286652078786,0.03571428571428572,0,0.010471204188481676,0.04807692307692308,0,0.015317286652078774,0.018466353479370885,Magway,Mindon,0.003593160569927992
MMR009015,2,10,0,14,1,2,0.015657928513961455,0.010471204188481667,0.09615384615384617,0.014285714285714282,0.0021881838074398344,0.08333333333333334,0,0.010471204188481676,0.09615384615384616,0.014285714285714285,0.002188183807439825,0.030774737108870485,Magway,Kamma,0.012777870206868547
MMR009016,1,1,1,7,4,4,0.014931397800439656,0.00523560209424083,0.009615384615384618,0.057142857142857134,0.004376367614879653,0.04166666666666667,0.028571428571428577,0.005235602094240838,0.009615384615384616,0.05714285714285714,0.00437636761487965,0.019092552866840563,Magway,Aunglan,0.02661924391047253
MMR009017,1,0,0,0,2,9,0.004133437302635614,0.00523560209424083,0,0.028571428571428564,0.009846827133479223,0,0,0.005235602094240838,0,0.02857142857142857,0.009846827133479213,0.010913464449787157,Magway,Sinbaungwe,0.005709813685346884
MMR009018,21,46,9,34,35,167,0.1719673246373667,0.10994764397905758,0.4423076923076924,0.5000000000000001,0.1827133479212254,0.2023809523809524,0.2571428571428571,0.1099476439790576,0.4423076923076923,0.5,0.18271334792122537,0.3087421710519938,Magway,Pakokku,0.14593524846700845
MMR009019,47,94,2,104,33,233,0.22100970691490415,0.24607329842931933,0.9038461538461541,0.4714285714285715,0.2549234135667397,0.6190476190476192,0.05714285714285714,0.24607329842931938,0.9038461538461539,0.4714285714285714,0.2549234135667396,0.46906785931769607,Magway,Yesagyo,0.26995692299446256
MMR009020,38,58,2,55,25,318,0.17209464431190277,0.19895287958115182,0.5576923076923077,0.35714285714285715,0.3479212253829322,0.3273809523809524,0.05714285714285714,0.19895287958115182,0.5576923076923077,0.35714285714285715,0.3479212253829322,0.3654273174498122,Magway,Myaing,0.19205110859803867
MMR009021,45,37,0,91,36,438,0.20420002979896554,0.23560209424083764,0.3557692307692308,0.5142857142857143,0.47921225382932175,0.5416666666666667,0,0.2356020942408377,0.3557692307692308,0.5142857142857142,0.47921225382932164,0.3962173232812761,Magway,Pauk,0.24340516487865618
MMR009022,1,4,0,4,6,14,0.013708417749466482,0.00523560209424083,0.03846153846153847,0.08571428571428572,0.015317286652078786,0.02380952380952381,0,0.005235602094240838,0.038461538461538464,0.08571428571428572,0.015317286652078774,0.03618217823053595,Magway,Seikphyu,0.014725583037559123
MMR009023,60,47,4,77,28,620,0.3501467986293922,0.31413612565445026,0.45192307692307704,0.39999999999999997,0.6783369803063457,0.4583333333333333,0.11428571428571428,0.31413612565445026,0.4519230769230769,0.4,0.6783369803063457,0.46109904572096827,Magway,Gangaw,0.4305544328906761
MMR009024,32,8,1,14,5,197,0.0716663135564221,0.1675392670157068,0.07692307692307694,0.07142857142857142,0.2155361050328228,0.08333333333333334,0.028571428571428577,0.16753926701570682,0.07692307692307693,0.07142857142857142,0.21553610503282275,0.13285675510004447,Magway,Tilin,0.0762742980005223
MMR009025,55,22,0,36,7,339,0.13269973826385772,0.28795811518324604,0.21153846153846154,0.09999999999999999,0.3708971553610504,0.2142857142857143,0,0.2879581151832461,0.21153846153846154,0.1,0.37089715536105033,0.2425984330206895,Magway,Saw,0.15437215808422353
MMR010001,7,25,6,12,13,15,0.07655716276862654,0.03664921465968586,0.2403846153846154,0.18571428571428572,0.016411378555798696,0.07142857142857144,0.17142857142857143,0.03664921465968586,0.2403846153846154,0.18571428571428572,0.016411378555798686,0.11978987357859641,Mandalay,Aungmyaythazan,0.07950148669237887
MMR010002,4,53,35,62,35,91,0.31094431943439393,0.02094240837696334,0.5096153846153847,0.5000000000000001,0.09956236323851204,0.3690476190476191,1,0.020942408376963352,0.5096153846153846,0.5,0.09956236323851203,0.282530039057715,Mandalay,Chanayethazan,0.4332886792371201
MMR010003,9,43,12,35,36,51,0.16380575919324172,0.047120418848167533,0.4134615384615385,0.5142857142857143,0.05579868708971555,0.20833333333333334,0.3428571428571428,0.04712041884816754,0.41346153846153844,0.5142857142857142,0.05579868708971553,0.2576665896712839,Mandalay,Mahaaungmyay,0.21963015264402874
MMR010004,11,50,7,26,29,54,0.1309548460685371,0.05759162303664921,0.4807692307692308,0.41428571428571426,0.059080962800875284,0.1547619047619048,0.2,0.05759162303664921,0.4807692307692308,0.4142857142857143,0.05908096280087528,0.2529318827231174,Mandalay,Chanmyathazi,0.20906269830662952
MMR010005,4,35,5,9,15,37,0.07973924173975738,0.02094240837696334,0.33653846153846156,0.21428571428571427,0.040481400437636775,0.053571428571428575,0.14285714285714285,0.020942408376963352,0.33653846153846156,0.21428571428571427,0.04048140043763676,0.153061996159694,Mandalay,Pyigyitagon,0.09909546441258286
MMR010006,1,19,1,18,19,15,0.050026333906291576,0.00523560209424083,0.1826923076923077,0.2714285714285714,0.016411378555798696,0.10714285714285715,0.028571428571428577,0.005235602094240838,0.18269230769230768,0.2714285714285714,0.016411378555798686,0.11894196494272966,Mandalay,Amarapura,0.07559267894344697
MMR010007,5,20,0,7,8,14,0.0307568966489845,0.026178010471204185,0.19230769230769235,0.1142857142857143,0.015317286652078786,0.04166666666666667,0,0.02617801047120419,0.19230769230769232,0.11428571428571428,0.015317286652078774,0.08702217592917239,Mandalay,Patheingyi,0.04434318886697195
MMR010008,4,1,3,12,4,42,0.035534266630265834,0.02094240837696334,0.009615384615384618,0.057142857142857134,0.04595185995623633,0.07142857142857144,0.08571428571428572,0.020942408376963352,0.009615384615384616,0.05714285714285714,0.045951859956236324,0.03341312752286036,Mandalay,Pyinoolwin,0.04226409912065886
MMR010009,13,38,2,48,37,179,0.13245541176246386,0.06806282722513088,0.3653846153846154,0.5285714285714286,0.19584245076586435,0.28571428571428575,0.05714285714285714,0.06806282722513089,0.36538461538461536,0.5285714285714286,0.19584245076586435,0.28946533048675976,Mandalay,Madaya,0.17357897741413278
MMR010010,5,6,1,12,13,40,0.03815351633497784,0.026178010471204185,0.0576923076923077,0.18571428571428572,0.04376367614879652,0.07142857142857144,0.028571428571428577,0.02617801047120419,0.057692307692307696,0.18571428571428572,0.0437636761487965,0.07833707000664852,Mandalay,Singu,0.05552202804047587
MMR010011,16,27,10,69,36,71,0.16434915565410413,0.0837696335078534,0.25961538461538464,0.5142857142857143,0.07768052516411379,0.41071428571428575,0.2857142857142857,0.08376963350785341,0.25961538461538464,0.5142857142857142,0.07768052516411379,0.23383781439326654,Mandalay,Mogoke,0.2931751797540419
MMR010012,2,11,0,11,7,12,0.023023493412643536,0.010471204188481667,0.10576923076923078,0.09999999999999999,0.01312910284463896,0.0654761904761905,0,0.010471204188481676,0.10576923076923077,0.1,0.01312910284463895,0.05734238445058785,Mandalay,Thabeikkyin,0.04364350385374093
MMR010013,8,17,4,13,9,46,0.06110406608966955,0.0418848167539267,0.16346153846153846,0.1285714285714286,0.050328227571115984,0.0773809523809524,0.11428571428571428,0.041884816753926704,0.16346153846153846,0.12857142857142856,0.05032822757111598,0.09606150283950243,Mandalay,Kyaukse,0.07768988945115968
MMR010014,3,13,2,12,9,45,0.04338207562318558,0.015706806282722505,0.12500000000000003,0.1285714285714286,0.049234135667396074,0.07142857142857144,0.05714285714285714,0.015706806282722512,0.125,0.12857142857142856,0.04923413566739606,0.07962809263038677,Mandalay,Sintgaing,0.0754865162977018
MMR010015,0,8,0,8,1,0,0.010040440709805726,0,0.07692307692307694,0.014285714285714282,0,0.04761904761904762,0,0,0.07692307692307693,0.014285714285714285,0,0.022802197802197804,Mandalay,Myittha,0.018534022797880634
MMR010016,5,6,1,1,5,28,0.022823471571547217,0.026178010471204185,0.0576923076923077,0.07142857142857142,0.030634573304157555,0.00595238095238096,0.028571428571428577,0.02617801047120419,0.057692307692307696,0.07142857142857142,0.030634573304157548,0.04648336572406022,Mandalay,Tada-U,0.015331344354165471
MMR010017,20,24,10,59,51,187,0.1933498692993137,0.10471204188481674,0.2307692307692308,0.7285714285714285,0.20459518599562365,0.3511904761904762,0.2857142857142857,0.10471204188481675,0.23076923076923078,0.7285714285714285,0.20459518599562362,0.31716197180527494,Mandalay,Myingyan,0.337270425971753
MMR010018,5,13,2,26,15,30,0.05539633457910015,0.026178010471204185,0.12500000000000003,0.21428571428571427,0.032822757111597385,0.1547619047619048,0.05714285714285714,0.02617801047120419,0.125,0.21428571428571427,0.03282275711159737,0.09957162046712896,Mandalay,Taungtha,0.08609599621599455
MMR010019,10,21,2,16,9,129,0.06700980577966185,0.05235602094240837,0.20192307692307693,0.1285714285714286,0.14113785557986874,0.09523809523809525,0.05714285714285714,0.05235602094240838,0.20192307692307693,0.12857142857142856,0.14113785557986872,0.13099709550419564,Mandalay,Natogyi,0.07057987362347962
MMR010020,1,17,4,17,10,15,0.05492847905311261,0.00523560209424083,0.16346153846153846,0.14285714285714285,0.016411378555798696,0.1011904761904762,0.11428571428571428,0.005235602094240838,0.16346153846153846,0.14285714285714285,0.016411378555798686,0.0819914154921802,Mandalay,Kyaukpadaung,0.09079652565202083
MMR010021,2,5,0,12,3,9,0.014573010874403363,0.010471204188481667,0.048076923076923087,0.04285714285714286,0.009846827133479223,0.07142857142857144,0,0.010471204188481676,0.04807692307692308,0.04285714285714286,0.009846827133479213,0.027813024314006708,Mandalay,Ngazun,0.026405550060837273
MMR010022,1,6,5,7,9,15,0.047512959257243005,0.00523560209424083,0.0576923076923077,0.1285714285714286,0.016411378555798696,0.04166666666666667,0.14285714285714285,0.005235602094240838,0.057692307692307696,0.12857142857142856,0.016411378555798686,0.05197767922844395,Mandalay,Nyaung-U,0.07015006955835613
MMR010023,0,0,0,1,0,0,4.399321831995495e-4,0,0,0,0,0.00595238095238096,0,0,0,0,0,0,Mandalay,Yamethin,NA
MMR010024,0,1,0,1,0,2,0.0013970440120038483,0,0.009615384615384618,0,0.0021881838074398344,0.00595238095238096,0,0,0.009615384615384616,0,0.002188183807439825,0.00295089210570611,Mandalay,Pyawbwe,0.0035447788328066337
MMR010028,2,6,7,15,8,17,0.061956319123729175,0.010471204188481667,0.0576923076923077,0.1142857142857143,0.018599562363238523,0.0892857142857143,0.2,0.010471204188481676,0.057692307692307696,0.11428571428571428,0.018599562363238512,0.05026219713243554,Mandalay,Meiktila,0.09240408447402296
MMR010029,0,3,3,6,4,3,0.026108913334065387,0,0.02884615384615385,0.057142857142857134,0.003282275711159744,0.03571428571428572,0.08571428571428572,0,0.028846153846153848,0.05714285714285714,0.0032822757111597373,0.022317821675042683,Mandalay,Mahlaing,0.029537362279161886
MMR010030,0,5,1,2,0,0,0.009804049209964591,0,0.048076923076923087,0,0,0.011904761904761906,0.028571428571428577,0,0.04807692307692308,0,0,0.01201923076923077,Mandalay,Thazi,0.016631633178777284
MMR010031,2,2,3,5,9,13,0.03324126695811029,0.010471204188481667,0.019230769230769235,0.1285714285714286,0.01422319474835887,0.02976190476190477,0.08571428571428572,0.010471204188481676,0.019230769230769232,0.12857142857142856,0.014223194748358862,0.04312414918475958,Mandalay,Wundwin,0.05365379236617998
MMR011001,0,14,13,21,6,12,0.09913517854096902,0,0.13461538461538464,0.08571428571428572,0.01312910284463896,0.12500000000000003,0.3714285714285714,0,0.1346153846153846,0.08571428571428572,0.01312910284463895,0.05836469329357732,Mon,Mawlamyine,0.13752244119287266
MMR011002,3,6,0,2,2,9,0.01042120927220777,0.015706806282722505,0.0576923076923077,0.028571428571428564,0.009846827133479223,0.011904761904761906,0,0.015706806282722512,0.057692307692307696,0.02857142857142857,0.009846827133479213,0.0279543424199845,Mon,Kyaikmaraw,0.0072690975704410455
MMR011003,1,2,0,5,3,4,0.008090314581918705,0.00523560209424083,0.019230769230769235,0.04285714285714286,0.004376367614879653,0.02976190476190477,0,0.005235602094240838,0.019230769230769232,0.04285714285714286,0.00437636761487965,0.017924970449258146,Mon,Chaungzon,0.014546043132731341
MMR011004,0,4,1,3,4,5,0.014672108380177894,0,0.03846153846153847,0.057142857142857134,0.00547045951859957,0.017857142857142867,0.028571428571428577,0,0.038461538461538464,0.05714285714285714,0.005470459518599562,0.02526871378074879,Mon,Thanbyuzayat,0.02115157466599742
MMR011005,0,4,1,13,3,3,0.01769015964779381,0,0.03846153846153847,0.04285714285714286,0.003282275711159744,0.0773809523809524,0.028571428571428577,0,0.038461538461538464,0.04285714285714286,0.0032822757111597373,0.021150239257460266,Mon,Mudon,0.030740614530974368
MMR011006,43,54,7,42,20,176,0.16934383443197046,0.22513089005235604,0.5192307692307693,0.2857142857142857,0.1925601750547046,0.25,0.2,0.225130890052356,0.5192307692307693,0.2857142857142857,0.1925601750547046,0.3056590300130289,Mon,Ye,0.22842025722716824
MMR011007,31,42,3,17,15,112,0.10560744320543322,0.16230366492146595,0.40384615384615385,0.21428571428571427,0.12253829321663022,0.1011904761904762,0.08571428571428572,0.16230366492146597,0.40384615384615385,0.21428571428571427,0.12253829321663019,0.2257434565674911,Mon,Thaton,0.1852094646399963
MMR011008,0,12,0,9,4,4,0.017054197484358623,0,0.1153846153846154,0.057142857142857134,0.004376367614879653,0.053571428571428575,0,0,0.11538461538461539,0.05714285714285714,0.00437636761487965,0.04422596003558804,Mon,Paung,0.034688301199507776
MMR011009,30,43,1,14,20,157,0.12015865316073765,0.15706806282722513,0.4134615384615385,0.2857142857142857,0.17177242888402627,0.08333333333333334,0.028571428571428577,0.15706806282722513,0.41346153846153844,0.2857142857142857,0.17177242888402625,0.25700407897176886,Mon,Kyaikto,0.16296723966575533
MMR011010,20,27,0,12,14,46,0.06520698491855219,0.10471204188481674,0.25961538461538464,0.19999999999999998,0.050328227571115984,0.07142857142857144,0,0.10471204188481675,0.25961538461538464,0.2,0.05032822757111598,0.15366391351782935,Mon,Bilin,0.07234004556860718
MMR012001,0,0,2,15,6,1,0.3530460975607853,0,0,0.08571428571428572,0.0010940919037199172,0.0892857142857143,0.05714285714285714,0,0,0.08571428571428572,0.0010940919037199124,0.021702094404501406,Rakhine,Sittwe,0.032373241514046074
MMR012002,0,3,0,2,1,5,0.009414357724383796,0,0.02884615384615385,0.014285714285714282,0.00547045951859957,0.011904761904761906,0,0,0.028846153846153848,0.014285714285714285,0.005470459518599562,0.012150581912616924,Rakhine,Ponnagyun,0.010354979587206511
MMR012003,0,2,0,5,3,1,0.06658190998297078,0,0.019230769230769235,0.04285714285714286,0.0010940919037199172,0.02976190476190477,0,0,0.019230769230769232,0.04285714285714286,0.0010940919037199124,0.015795500997908,Rakhine,Mrauk-U,0.00976187107131604
MMR012004,0,6,0,7,0,5,0.04790418354196373,0,0.0576923076923077,0,0.00547045951859957,0.04166666666666667,0,0,0.057692307692307696,0,0.005470459518599562,0.015790691802726815,Rakhine,Kyauktaw,0.013070880270324277
MMR012005,0,3,0,0,2,3,0.01055108311879675,0,0.02884615384615385,0.028571428571428564,0.003282275711159744,0,0,0,0.028846153846153848,0.02857142857142857,0.0032822757111597373,0.01517496453218554,Rakhine,Minbya,0.00694863726727527
MMR012006,2,1,0,0,0,0,0.019030116503773595,0.010471204188481667,0.009615384615384618,0,0,0,0,0.010471204188481676,0.009615384615384616,0,0,0.005021647200966573,Rakhine,Myebon,0.0016082352688958036
MMR012007,0,0,0,2,1,0,0.07341090838152137,0,0,0.014285714285714282,0,0.011904761904761906,0,0,0,0.014285714285714285,0,0.0035714285714285713,Rakhine,Pauktaw,0.001197720189975998
MMR012008,0,1,0,0,2,0,0.054458667648111955,0,0.009615384615384618,0.028571428571428564,0,0,0,0,0.009615384615384616,0.02857142857142857,0,0.009546703296703297,Rakhine,Rathedaung,0.00409373042460183
MMR012009,16,4,0,12,9,43,0.057583039626755386,0.0837696335078534,0.03846153846153847,0.1285714285714286,0.04704595185995624,0.07142857142857144,0,0.08376963350785341,0.038461538461538464,0.12857142857142856,0.047045951859956234,0.07446213810019417,Rakhine,Maungdaw,0.04333719333440177
MMR012010,2,3,0,8,7,5,0.040110313293465996,0.010471204188481667,0.02884615384615385,0.09999999999999999,0.00547045951859957,0.04761904761904762,0,0.010471204188481676,0.028846153846153848,0.1,0.005470459518599562,0.03619695438830877,Rakhine,Buthidaung,0.023620336143186826
MMR012011,0,0,0,3,2,0,0.006390800017544154,0,0,0.028571428571428564,0,0.017857142857142867,0,0,0,0.02857142857142857,0,0.007142857142857143,Rakhine,Kyaukpyu,0.007366430691364046
MMR012012,0,0,0,1,0,0,4.399321831995495e-4,0,0,0,0,0.00595238095238096,0,0,0,0,0,0,Rakhine,Munaung,NA
MMR012013,0,0,0,2,0,0,8.79864366399098e-4,0,0,0,0,0.011904761904761906,0,0,0,0,0,0,Rakhine,Ramree,0.0023954403799519943
MMR012014,0,7,1,6,0,1,0.022595960183194676,0,0.06730769230769232,0,0.0010940919037199172,0.03571428571428572,0.028571428571428577,0,0.0673076923076923,0,0.0010940919037199124,0.017100446052853054,Rakhine,Ann,0.01943758863764908
MMR012015,0,0,5,9,1,1,0.03288611735420813,0,0,0.014285714285714282,0.0010940919037199172,0.053571428571428575,0.14285714285714285,0,0,0.014285714285714285,0.0010940919037199124,0.003844951547358549,Rakhine,Thandwe,0.03981859006428479
MMR012016,0,0,3,9,1,0,0.021672153679414725,0,0,0.014285714285714282,0,0.053571428571428575,0.08571428571428572,0,0,0.014285714285714285,0,0.0035714285714285713,Rakhine,Toungup,0.029454585848576822
MMR012017,0,0,1,6,0,0,0.008176653215743868,0,0,0,0,0.03571428571428572,0.028571428571428577,0,0,0,0,0,Rakhine,Gwa,0.010985897214250261
MMR013001,0,33,19,25,20,21,0.1635258558879851,0,0.31730769230769235,0.2857142857142857,0.022975929978118165,0.14880952380952384,0.5428571428571427,0,0.3173076923076923,0.2857142857142857,0.022975929978118162,0.15649947700002403,Yangon,Insein,0.2176007824223431
MMR013002,5,24,0,22,14,18,0.047234455031268274,0.026178010471204185,0.2307692307692308,0.19999999999999998,0.019693654266958432,0.13095238095238096,0,0.02617801047120419,0.23076923076923078,0.2,0.019693654266958426,0.11916022387684835,Yangon,Mingaladon,0.07926336877866734
MMR013003,0,10,0,3,2,4,0.010856587132395639,0,0.09615384615384617,0.028571428571428564,0.004376367614879653,0.017857142857142867,0,0,0.09615384615384616,0.02857142857142857,0.00437636761487965,0.03227541058503859,Yangon,Hmawbi,0.017705714294872055
MMR013004,2,5,0,14,10,7,0.022884274124255387,0.010471204188481667,0.048076923076923087,0.14285714285714285,0.007658643326039397,0.08333333333333334,0,0.010471204188481676,0.04807692307692308,0.14285714285714285,0.007658643326039387,0.05226597836214675,Yangon,Hlegu,0.05404800946482061
MMR013005,1,4,2,5,3,13,0.02177787568112173,0.00523560209424083,0.03846153846153847,0.04285714285714286,0.01422319474835887,0.02976190476190477,0.05714285714285714,0.005235602094240838,0.038461538461538464,0.04285714285714286,0.014223194748358862,0.025194369540320255,Yangon,Taikkyi,0.03299685380178947
MMR013006,1,2,0,0,1,4,0.0039166839947510365,0.00523560209424083,0.019230769230769235,0.014285714285714282,0.004376367614879653,0,0,0.005235602094240838,0.019230769230769232,0.014285714285714285,0.00437636761487965,0.010782113306401001,Yangon,Htantabin,0.005460960545986423
MMR013007,2,28,5,12,13,34,0.0723510080537203,0.010471204188481667,0.2692307692307693,0.18571428571428572,0.03719912472647704,0.07142857142857144,0.14285714285714285,0.010471204188481676,0.2692307692307692,0.18571428571428572,0.037199124726477024,0.12565384596500342,Yangon,Shwepyithar,0.10243508238606266
MMR013008,8,60,7,31,25,82,0.1374230011861381,0.0418848167539267,0.576923076923077,0.35714285714285715,0.08971553610503283,0.18452380952380953,0.2,0.041884816753926704,0.5769230769230769,0.35714285714285715,0.08971553610503283,0.2664165717312234,Yangon,Hlaingtharya,0.2317000426221071
MMR013009,1,28,8,20,8,28,0.08546298784848438,0.00523560209424083,0.2692307692307693,0.1142857142857143,0.030634573304157555,0.11904761904761905,0.22857142857142856,0.005235602094240838,0.2692307692307692,0.11428571428571428,0.030634573304157548,0.10484666472872047,Yangon,Thingangyun,0.12858644755105322
MMR013010,0,11,4,9,2,2,0.03604215875978249,0,0.10576923076923078,0.028571428571428564,0.0021881838074398344,0.053571428571428575,0.11428571428571428,0,0.10576923076923077,0.02857142857142857,0.002188183807439825,0.03413221078702479,Yangon,Yankin,0.056153993711497985
MMR013011,1,22,10,15,8,3,0.08677681145065066,0.00523560209424083,0.21153846153846154,0.1142857142857143,0.003282275711159744,0.0892857142857143,0.2857142857142857,0.005235602094240838,0.21153846153846154,0.11428571428571428,0.0032822757111597373,0.0835855134073941,Yangon,South Okkalapa,0.11352282098197888
MMR013012,3,24,9,13,10,20,0.08763860066012541,0.015706806282722505,0.2307692307692308,0.14285714285714285,0.02188183807439826,0.0773809523809524,0.2571428571428571,0.015706806282722512,0.23076923076923078,0.14285714285714285,0.02188183807439825,0.10280375449587359,Yangon,North Okkalapa,0.12086452585947202
MMR013013,6,28,19,17,16,28,0.1572219168556064,0.031413612565445025,0.2692307692307693,0.2285714285714286,0.030634573304157555,0.1011904761904762,0.5428571428571427,0.031413612565445025,0.2692307692307692,0.22857142857142856,0.030634573304157548,0.13996259591795007,Yangon,Thaketa,0.21145178611651855
MMR013014,1,11,3,9,7,8,0.037523756663707955,0.00523560209424083,0.10576923076923078,0.09999999999999999,0.008752735229759306,0.053571428571428575,0.08571428571428572,0.005235602094240838,0.10576923076923077,0.1,0.0087527352297593,0.05493939202330773,Yangon,Dawbon,0.04693046426271741
MMR013015,1,21,26,25,8,10,0.1800705742938893,0.00523560209424083,0.20192307692307693,0.1142857142857143,0.010940919037199133,0.14880952380952384,0.7428571428571428,0.005235602094240838,0.20192307692307693,0.11428571428571428,0.010940919037199124,0.08309632808505779,Yangon,Tamwe,0.22726777214456867
MMR013016,0,7,2,8,4,4,0.024301260807233303,0,0.06730769230769232,0.057142857142857134,0.004376367614879653,0.04761904761904762,0.05714285714285714,0,0.0673076923076923,0.05714285714285714,0.00437636761487965,0.03220672926635727,Yangon,Pazundaung,0.032080672504596786
MMR013017,1,6,1,5,4,8,0.017998031927860505,0.00523560209424083,0.0576923076923077,0.057142857142857134,0.008752735229759306,0.02976190476190477,0.028571428571428577,0.005235602094240838,0.057692307692307696,0.05714285714285714,0.0087527352297593,0.03220587553979125,Yangon,Botahtaung,0.033742626622869205
MMR013018,8,28,10,16,21,51,0.1170161191182393,0.0418848167539267,0.2692307692307693,0.3,0.05579868708971555,0.09523809523809525,0.2857142857142857,0.041884816753926704,0.2692307692307692,0.3,0.05579868708971553,0.16672856826860288,Yangon,Dagon Myothit (South),0.17419418075540027
MMR013019,3,23,9,24,12,32,0.09568171839227786,0.015706806282722505,0.22115384615384617,0.17142857142857143,0.03501094091903721,0.14285714285714288,0.2571428571428571,0.015706806282722512,0.22115384615384615,0.17142857142857143,0.0350109409190372,0.11082504119604433,Yangon,Dagon Myothit (North),0.12552662038942947
MMR013020,0,7,0,11,2,8,0.012903143528581709,0,0.06730769230769232,0.028571428571428564,0.008752735229759306,0.0654761904761905,0,0,0.0673076923076923,0.02857142857142857,0.0087527352297593,0.026157964027220044,Yangon,Dagon Myothit (East),0.018370178876751356
MMR013021,0,11,4,7,11,15,0.0468945122642983,0,0.10576923076923078,0.15714285714285714,0.016411378555798696,0.04166666666666667,0.11428571428571428,0,0.10576923076923077,0.15714285714285714,0.016411378555798686,0.06983086661697165,Yangon,Dagon Myothit (Seikkan),0.07033961244247172
MMR013022,0,10,12,3,8,7,0.08433034094192965,0,0.09615384615384617,0.1142857142857143,0.007658643326039397,0.017857142857142867,0.3428571428571428,0,0.09615384615384616,0.11428571428571428,0.007658643326039387,0.054524550941399956,Yangon,Mingalartaungnyunt,0.09963237874519962
MMR013023,7,14,2,14,17,21,0.053082507643515506,0.03664921465968586,0.13461538461538464,0.24285714285714288,0.022975929978118165,0.08333333333333334,0.05714285714285714,0.03664921465968586,0.1346153846153846,0.24285714285714285,0.022975929978118162,0.10927441802758286,Yangon,Thanlyin,0.07736806255515173
MMR013024,0,1,0,2,5,6,0.007904268366899739,0,0.009615384615384618,0.07142857142857142,0.00656455142231948,0.011904761904761906,0,0,0.009615384615384616,0.07142857142857142,0.006564551422319475,0.021902126866568877,Yangon,Kyauktan,0.005709813685346884
MMR013025,0,2,0,7,2,4,0.007196916301963563,0,0.019230769230769235,0.028571428571428564,0.004376367614879653,0.04166666666666667,0,0,0.019230769230769232,0.02857142857142857,0.00437636761487965,0.013044641354269363,Yangon,Thongwa,0.016440913658009496
MMR013026,5,6,0,11,6,24,0.02222794320117417,0.026178010471204185,0.0576923076923077,0.08571428571428572,0.026258205689277912,0.0654761904761905,0,0.02617801047120419,0.057692307692307696,0.08571428571428572,0.0262582056892779,0.048960702391768876,Yangon,Kayan,0.03451423734876934
MMR013027,5,8,1,16,8,18,0.03268362083628264,0.026178010471204185,0.07692307692307694,0.1142857142857143,0.019693654266958432,0.09523809523809525,0.028571428571428577,0.02617801047120419,0.07692307692307693,0.11428571428571428,0.019693654266958426,0.05927011398673846,Yangon,Twantay,0.04946270681991501
MMR013028,5,1,0,9,11,24,0.023468872512651465,0.026178010471204185,0.009615384615384618,0.15714285714285714,0.026258205689277912,0.053571428571428575,0,0.02617801047120419,0.009615384615384616,0.15714285714285714,0.0262582056892779,0.05479861447968096,Yangon,Kawhmu,0.03266499693236233
MMR013029,1,3,2,3,6,16,0.02394486773735681,0.00523560209424083,0.02884615384615385,0.08571428571428572,0.017505470459518606,0.017857142857142867,0.05714285714285714,0.005235602094240838,0.028846153846153848,0.08571428571428572,0.0175054704595186,0.03432537802854975,Yangon,Kungyangon,0.037837825238855656
MMR013030,0,4,2,4,0,8,0.016662296281108532,0,0.03846153846153847,0,0.008752735229759306,0.02380952380952381,0.05714285714285714,0,0.038461538461538464,0,0.0087527352297593,0.01180356842282444,Yangon,Dala,0.02302436940711244
MMR013031,1,0,1,1,0,0,0.0066486712651213,0.00523560209424083,0,0,0,0.00595238095238096,0.028571428571428577,0.005235602094240838,0,0,0,0.0013089005235602095,Yangon,Seikgyikanaungto,0.008890555286733005
MMR013033,2,20,11,51,10,11,0.11079017413250879,0.010471204188481667,0.19230769230769235,0.14285714285714285,0.012035010940919043,0.3035714285714286,0.3142857142857143,0.010471204188481676,0.19230769230769232,0.14285714285714285,0.012035010940919038,0.08941776257355898,Yangon,Kyauktada,0.16345983405390235
MMR013034,0,3,0,3,1,1,0.004593498508489319,0,0.02884615384615385,0.014285714285714282,0.0010940919037199172,0.017857142857142867,0,0,0.028846153846153848,0.014285714285714285,0.0010940919037199124,0.01105649000889701,Yangon,Pabedan,0.005660862301545243
MMR013035,0,10,2,5,3,3,0.023772311971166686,0,0.09615384615384617,0.04285714285714286,0.003282275711159744,0.02976190476190477,0.05714285714285714,0,0.09615384615384616,0.04285714285714286,0.0032822757111597373,0.03557331618053719,Yangon,Lanmadaw,0.033361169125157845
MMR013036,0,4,0,1,2,2,0.005632486210173325,0,0.03846153846153847,0.028571428571428564,0.0021881838074398344,0.00595238095238096,0,0,0.038461538461538464,0.02857142857142857,0.002188183807439825,0.017305287710101713,Yangon,Latha,0.012142754760930095
MMR013037,1,10,3,3,2,5,0.02827928988911079,0.00523560209424083,0.09615384615384617,0.028571428571428564,0.00547045951859957,0.017857142857142867,0.08571428571428572,0.005235602094240838,0.09615384615384616,0.02857142857142857,0.005470459518599562,0.03385783408452878,Yangon,Ahlone,0.033284906443480256
MMR013038,1,15,5,5,7,11,0.04996737827071881,0.00523560209424083,0.14423076923076925,0.09999999999999999,0.012035010940919043,0.02976190476190477,0.14285714285714285,0.005235602094240838,0.14423076923076922,0.1,0.012035010940919038,0.06537534556648228,Yangon,Kyeemyindaing,0.069829290706326555
MMR013039,3,21,19,30,9,11,0.1460955994474907,0.015706806282722505,0.20192307692307693,0.1285714285714286,0.012035010940919043,0.17857142857142858,0.5428571428571427,0.015706806282722512,0.20192307692307693,0.12857142857142856,0.012035010940919038,0.08955908067953676,Yangon,Sanchaung,0.19656340184603954
MMR013040,3,30,14,23,18,25,0.13329965940361024,0.015706806282722505,0.2884615384615385,0.2571428571428572,0.02735229759299782,0.13690476190476192,0.39999999999999997,0.015706806282722512,0.28846153846153844,0.2571428571428571,0.02735229759299781,0.14716587487002897,Yangon,Hlaing,0.18856873546268987
MMR013041,4,12,9,18,8,12,0.07905892630109274,0.02094240837696334,0.1153846153846154,0.1142857142857143,0.01312910284463896,0.10714285714285715,0.2571428571428571,0.020942408376963352,0.11538461538461539,0.11428571428571428,0.01312910284463895,0.065935460222983,Yangon,Kamaryut,0.10879212702128396
MMR013042,3,28,5,16,11,19,0.07048159676443169,0.015706806282722505,0.2692307692307693,0.15714285714285714,0.02078774617067835,0.09523809523809525,0.14285714285714285,0.015706806282722512,0.2692307692307692,0.15714285714285714,0.020787746170678335,0.11571704470675681,Yangon,Mayangone,0.10822097914605744
MMR013043,0,4,1,1,0,0,0.008686692081361259,0,0.03846153846153847,0,0,0.00595238095238096,0.028571428571428577,0,0.038461538461538464,0,0,0.009615384615384616,Yangon,Dagon,0.013825677719905482
MMR013044,0,18,4,9,5,4,0.04436857130394668,0,0.1730769230769231,0.07142857142857142,0.004376367614879653,0.053571428571428575,0.11428571428571428,0,0.17307692307692307,0.07142857142857142,0.00437636761487965,0.062220465530093534,Yangon,Bahan,0.06829674847242807
MMR014001,1,23,17,63,14,15,0.16342220676307453,0.00523560209424083,0.22115384615384617,0.19999999999999998,0.016411378555798696,0.37500000000000006,0.48571428571428565,0.005235602094240838,0.22115384615384615,0.2,0.016411378555798686,0.11070020670097142,Shan-South,Taunggyi,0.23209219116725455
MMR014002,3,0,0,4,8,41,0.031007108371593754,0.015706806282722505,0,0.1142857142857143,0.04485776805251642,0.02380952380952381,0,0.015706806282722512,0,0.11428571428571428,0.044857768052516414,0.0437125721552383,Shan-South,Nyaungshwe,0.019434826660238606
MMR014003,1,1,0,5,0,1,0.0036886082684769624,0.00523560209424083,0.009615384615384618,0,0.0010940919037199172,0.02976190476190477,0,0.005235602094240838,0.009615384615384616,0,0.0010940919037199124,0.003986269653336341,Shan-South,Hopong,0.004790880759903989
MMR014004,0,2,0,5,0,2,0.021809026590270588,0,0.019230769230769235,0,0.0021881838074398344,0.02976190476190477,0,0,0.019230769230769232,0,0.002188183807439825,0.005354738259552265,Shan-South,Hsihseng,0.00759683621877579
MMR014005,2,7,4,21,7,15,0.04828362615150934,0.010471204188481667,0.06730769230769232,0.09999999999999999,0.016411378555798696,0.12500000000000003,0.11428571428571428,0.010471204188481676,0.0673076923076923,0.1,0.016411378555798686,0.04854756876299317,Shan-South,Kalaw,0.06786535270217313
MMR014006,1,3,1,8,4,7,0.018601115536052627,0.00523560209424083,0.02884615384615385,0.057142857142857134,0.007658643326039397,0.04761904761904762,0.028571428571428577,0.005235602094240838,0.028846153846153848,0.05714285714285714,0.007658643326039387,0.024720814102322804,Shan-South,Pindaya,0.0073927366443222705
MMR014007,8,5,0,27,17,60,0.04775625447506764,0.0418848167539267,0.048076923076923087,0.24285714285714288,0.06564551422319477,0.16071428571428573,0,0.041884816753926704,0.04807692307692308,0.24285714285714285,0.06564551422319474,0.09961609922779685,Shan-South,Ywangan,0.017498283096327782
MMR014008,5,4,0,8,0,2,0.010274064858636986,0.026178010471204185,0.03846153846153847,0,0.0021881838074398344,0.04761904761904762,0,0.02617801047120419,0.038461538461538464,0,0.002188183807439825,0.016706933185045618,Shan-South,Lawksawk,0.006958209541716876
MMR014009,4,1,0,5,1,24,0.03559149538324627,0.02094240837696334,0.009615384615384618,0.014285714285714282,0.026258205689277912,0.02976190476190477,0,0.020942408376963352,0.009615384615384616,0.014285714285714285,0.0262582056892779,0.017775428241835037,Shan-South,Pinlaung,0.022254849122948124
MMR014010,73,30,2,36,26,353,0.24999981932484663,0.3821989528795811,0.2884615384615385,0.37142857142857144,0.38621444201312916,0.2142857142857143,0.05714285714285714,0.38219895287958117,0.28846153846153844,0.37142857142857144,0.3862144420131291,0.357075876195705,Shan-South,Pekon,0.2644808085644133
MMR014011,0,2,2,4,0,1,0.014990350630550101,0,0.019230769230769235,0,0.0010940919037199172,0.02380952380952381,0.05714285714285714,0,0.019230769230769232,0,0.0010940919037199124,0.005081215283622286,Shan-South,Loilen,0.016393708557540344
MMR014012,0,0,0,1,0,0,0.0041214200914850485,0,0,0,0,0.00595238095238096,0,0,0,0,0,0,Shan-South,Laihka,NA
MMR014013,4,0,0,5,0,3,0.005305907102599223,0.02094240837696334,0,0,0.003282275711159744,0.02976190476190477,0,0.020942408376963352,0,0,0.0032822757111597373,0.006056171022030772,Shan-South,Nansang,0.010692670200473178
MMR014014,0,0,0,1,1,0,0.002226243965408367,0,0,0.014285714285714282,0,0.00595238095238096,0,0,0,0.014285714285714285,0,0.0035714285714285713,Shan-South,Kunhing,0.003683215345682024
MMR014015,23,1,0,6,1,2,0.02026150365800382,0.12041884816753926,0.009615384615384618,0.014285714285714282,0.0021881838074398344,0.03571428571428572,0,0.12041884816753927,0.009615384615384616,0.014285714285714285,0.002188183807439825,0.0366270327190195,Shan-South,Kyethi,0.042416076681190094
MMR014016,13,13,0,19,10,11,0.0532774026122732,0.06806282722513088,0.12500000000000003,0.14285714285714285,0.012035010940919043,0.1130952380952381,0,0.06806282722513089,0.125,0.14285714285714285,0.012035010940919038,0.0869887452557982,Shan-South,Mongkaing,0.049688892305802305
MMR014017,0,0,0,1,5,1,0.006087694029795122,0,0,0.07142857142857142,0.0010940919037199172,0.00595238095238096,0,0,0,0.07142857142857142,0.0010940919037199124,0.018130665833072834,Shan-South,Monghsu,0.008654205657094075
MMR014019,1,0,0,1,1,1,0.0023530382712540457,0.00523560209424083,0,0.014285714285714282,0.0010940919037199172,0.00595238095238096,0,0.005235602094240838,0,0.014285714285714285,0.0010940919037199124,0.005153852070918759,Shan-South,Mongnai,0.0014978186424107346
MMR014020,1,0,0,0,0,0,6.716789653751758e-4,0.00523560209424083,0,0,0,0,0,0.005235602094240838,0,0,0,0.0013089005235602095,Shan-South,Mawkmai,NA
MMR014021,2,1,0,0,0,4,0.003726145096896176,0.010471204188481667,0.009615384615384618,0,0.004376367614879653,0,0,0.010471204188481676,0.009615384615384616,0,0.00437636761487965,0.006115739104686485,Shan-South,Mongpan,0.006081519301586935
MMR015001,27,25,14,25,14,36,0.14439702879636812,0.1413612565445026,0.2403846153846154,0.19999999999999998,0.039387308533916865,0.14880952380952384,0.39999999999999997,0.14136125654450263,0.2403846153846154,0.2,0.03938730853391685,0.1552832951157587,Shan-North,Lashio,0.21486220402348732
MMR015002,29,6,0,4,3,81,0.04090912840760888,0.1518324607329843,0.0576923076923077,0.04285714285714286,0.08862144420131292,0.02380952380952381,0,0.1518324607329843,0.057692307692307696,0.04285714285714286,0.0886214442013129,0.08525083887093694,Shan-North,Hseni,0.08359282671948852
MMR015003,0,5,0,1,6,2,0.010716245879493363,0,0.048076923076923087,0.08571428571428572,0.0021881838074398344,0.00595238095238096,0,0,0.04807692307692308,0.08571428571428572,0.002188183807439825,0.03399484814966215,Shan-North,Mongyai,0.024890690842626
MMR015004,0,1,0,2,6,1,0.008750705365279662,0,0.009615384615384618,0.08571428571428572,0.0010940919037199172,0.011904761904761906,0,0,0.009615384615384616,0.08571428571428572,0.0010940919037199124,0.02410594055834756,Shan-North,Tangyan,0.019286058270051365
MMR015005,1,0,0,0,0,0,6.716789653751758e-4,0.00523560209424083,0,0,0,0,0,0.005235602094240838,0,0,0,0.0013089005235602095,Shan-North,Pangsang (Panghkam),0.0014978186424107346
MMR015009,191,49,12,56,31,323,0.3393128243013844,1,0.4711538461538462,0.4428571428571429,0.3533916849015318,0.33333333333333337,0.3428571428571428,1,0.47115384615384615,0.44285714285714284,0.3533916849015317,0.5668506684781303,Shan-North,Muse,0.5957044863219239
MMR015010,13,16,4,9,16,25,0.06924923104979042,0.06806282722513088,0.15384615384615388,0.2285714285714286,0.02735229759299782,0.053571428571428575,0.11428571428571428,0.06806282722513089,0.15384615384615385,0.22857142857142856,0.02735229759299781,0.11945817680892777,Shan-North,Namhkan,0.09089691208319711
MMR015011,98,11,9,9,18,66,0.17007972654049597,0.5130890052356021,0.10576923076923078,0.2571428571428572,0.07221006564551424,0.053571428571428575,0.2571428571428571,0.5130890052356021,0.10576923076923077,0.2571428571428571,0.07221006564551423,0.23705278969830104,Shan-North,Kutkai,0.2621812052397704
MMR015012,58,29,9,31,29,26,0.1723504353198333,0.3036649214659686,0.27884615384615385,0.41428571428571426,0.02844638949671774,0.18452380952380953,0.2571428571428571,0.3036649214659686,0.27884615384615385,0.4142857142857143,0.028446389496717725,0.2563107947736386,Shan-North,Kyaukme,0.27208753493746207
MMR015013,7,4,4,8,3,55,0.04407529080747537,0.03664921465968586,0.03846153846153847,0.04285714285714286,0.0601750547045952,0.04761904761904762,0.11428571428571428,0.03664921465968586,0.038461538461538464,0.04285714285714286,0.060175054704595186,0.044535737670740594,Shan-North,Nawnghkio,0.03951522112938582
MMR015014,26,16,4,20,19,34,0.0854240133768631,0.13612565445026176,0.15384615384615388,0.2714285714285714,0.03719912472647704,0.11904761904761905,0.11428571428571428,0.13612565445026178,0.15384615384615385,0.2714285714285714,0.037199124726477024,0.14964987611286604,Shan-North,Hsipaw,0.13892406381697212
MMR015015,32,11,1,17,10,6,0.055715681844785585,0.1675392670157068,0.10576923076923078,0.14285714285714285,0.00656455142231948,0.1011904761904762,0.028571428571428577,0.16753926701570682,0.10576923076923077,0.14285714285714285,0.006564551422319475,0.10568254801609998,Shan-North,Namtu,0.11128183828156679
MMR015016,9,5,1,8,10,10,0.030903024224331672,0.047120418848167533,0.048076923076923087,0.14285714285714285,0.010940919037199133,0.04761904761904762,0.028571428571428577,0.04712041884816754,0.04807692307692308,0.14285714285714285,0.010940919037199124,0.062248850954858145,Shan-North,Namhsan,0.053509969524288194
MMR015017,0,1,0,5,5,2,0.008664691149697359,0,0.009615384615384618,0.07142857142857142,0.0021881838074398344,0.02976190476190477,0,0,0.009615384615384616,0.07142857142857142,0.002188183807439825,0.020808034962848963,Shan-North,Mongmit,0.012657881305941872
MMR015018,1,0,0,2,0,0,0.0015515433317742737,0.00523560209424083,0,0,0,0.011904761904761906,0,0.005235602094240838,0,0,0,0.0013089005235602095,Shan-North,Mabein,0.0023954403799519943
MMR015019,4,5,0,0,3,7,0.011262826601972014,0.02094240837696334,0.048076923076923087,0.04285714285714286,0.007658643326039397,0,0,0.020942408376963352,0.04807692307692308,0.04285714285714286,0.007658643326039387,0.029883779409267168,Shan-North,Manton,0.026311460206357506
MMR015020,5,1,0,0,0,0,0.004035819772279668,0.026178010471204185,0.009615384615384618,0,0,0,0,0.02617801047120419,0.009615384615384616,0,0,0.008948348771647201,Shan-North,Kunlong,0.009097328480949476
MMR015022,1,1,0,2,0,3,0.002648498602278829,0.00523560209424083,0.009615384615384618,0,0.003282275711159744,0.011904761904761906,0,0.005235602094240838,0.009615384615384616,0,0.0032822757111597373,0.004533315605196298,Shan-North,Laukkaing,0.004003675648847798
MMR015023,1,0,0,0,0,7,0.0016505830572769748,0.00523560209424083,0,0,0.007658643326039397,0,0,0.005235602094240838,0,0,0.007658643326039387,0.0032235613550700565,Shan-North,Konkyan,0.0040837004511826425
MMR016001,0,0,0,5,2,2,0.0046825151613563865,0,0,0.028571428571428564,0.0021881838074398344,0.02976190476190477,0,0,0,0.02857142857142857,0.002188183807439825,0.007689903094717098,Shan-East,Kengtung,0.01169841463522687
MMR016006,0,0,0,1,0,0,4.399321831995495e-4,0,0,0,0,0.00595238095238096,0,0,0,0,0,0,Shan-East,Monghsat,0.001197720189975998
MMR016007,0,3,0,0,0,0,0.002032274836211351,0,0.02884615384615385,0,0,0,0,0,0.028846153846153848,0,0,0.007211538461538462,Shan-East,Mongping,0.00482470580668741
MMR016008,1,0,0,0,0,6,0.0015107396155767173,0.00523560209424083,0,0,0.00656455142231948,0,0,0.005235602094240838,0,0,0.006564551422319475,0.002950038379140078,Shan-East,Mongton,NA
MMR016009,1,8,2,13,2,3,0.025507014830351626,0.00523560209424083,0.07692307692307694,0.028571428571428564,0.003282275711159744,0.0773809523809524,0.05714285714285714,0.005235602094240838,0.07692307692307693,0.02857142857142857,0.0032822757111597373,0.02850309582497652,Shan-East,Tachileik,0.027760164724797635
MMR016010,0,0,0,2,0,0,8.79864366399098e-4,0,0,0,0,0.011904761904761906,0,0,0,0,0,0,Shan-East,Monghpyak,0.0023954403799519943
MMR016011,0,3,0,0,0,0,0.002032274836211351,0,0.02884615384615385,0,0,0,0,0,0.028846153846153848,0,0,0.007211538461538462,Shan-East,Mongyawng,0.00482470580668741
MMR017001,7,18,15,60,17,33,0.14968899066781843,0.03664921465968586,0.1730769230769231,0.24285714285714288,0.03610503282275712,0.35714285714285715,0.4285714285714285,0.03664921465968586,0.17307692307692307,0.24285714285714285,0.036105032822757115,0.12217207835412722,Ayeyarwady,Pathein,0.23217039167776965
MMR017002,2,8,0,11,3,5,0.015605979760614137,0.010471204188481667,0.07692307692307694,0.04285714285714286,0.00547045951859957,0.0654761904761905,0,0.010471204188481676,0.07692307692307693,0.04285714285714286,0.005470459518599562,0.033930470871825255,Ayeyarwady,Kangyidaunt,0.033048534813101195
MMR017003,0,1,0,0,2,2,0.0031602791907624243,0,0.009615384615384618,0.028571428571428564,0.0021881838074398344,0,0,0,0.009615384615384616,0.02857142857142857,0.002188183807439825,0.010093749248563254,Ayeyarwady,Thabaung,0.007318048954242687
MMR017004,2,3,0,13,2,5,0.011997135719015253,0.010471204188481667,0.02884615384615385,0.028571428571428564,0.00547045951859957,0.0773809523809524,0,0.010471204188481676,0.028846153846153848,0.02857142857142857,0.005470459518599562,0.018339811531165914,Ayeyarwady,Ngapudaw,0.019498016185514395
MMR017005,1,11,0,13,1,6,0.015783116077591537,0.00523560209424083,0.10576923076923078,0.014285714285714282,0.00656455142231948,0.0773809523809524,0,0.005235602094240838,0.10576923076923077,0.014285714285714285,0.006564551422319475,0.032963774642876344,Ayeyarwady,Kyonpyaw,0.029434632701951846
MMR017006,1,11,0,14,3,3,0.018006685297648442,0.00523560209424083,0.10576923076923078,0.04285714285714286,0.003282275711159744,0.08333333333333334,0,0.005235602094240838,0.10576923076923077,0.04285714285714286,0.0032822757111597373,0.03928606285794355,Ayeyarwady,Yegyi,0.035016039847842524
MMR017007,0,6,0,6,0,0,0.006704142771619997,0,0.0576923076923077,0,0,0.03571428571428572,0,0,0.057692307692307696,0,0,0.014423076923076924,Ayeyarwady,Kyaunggon,0.0076306612655592096
MMR017008,0,6,1,7,1,2,0.014062405635745697,0,0.0576923076923077,0.014285714285714282,0.0021881838074398344,0.04166666666666667,0.028571428571428577,0,0.057692307692307696,0.014285714285714285,0.002188183807439825,0.01854155144636545,Ayeyarwady,Hinthada,0.018575455087857084
MMR017009,1,5,0,6,2,2,0.00918125103695003,0.00523560209424083,0.048076923076923087,0.028571428571428564,0.0021881838074398344,0.03571428571428572,0,0.005235602094240838,0.04807692307692308,0.02857142857142857,0.002188183807439825,0.021018034387508076,Ayeyarwady,Zalun,0.007896934671210526
MMR017010,0,1,0,1,0,0,0.0011173571286033333,0,0.009615384615384618,0,0,0.00595238095238096,0,0,0.009615384615384616,0,0,0.002403846153846154,Ayeyarwady,Lemyethna,0.0028059554588718014
MMR017011,0,6,2,13,3,2,0.024442226213447688,0,0.0576923076923077,0.04285714285714286,0.0021881838074398344,0.0773809523809524,0.05714285714285714,0,0.057692307692307696,0.04285714285714286,0.002188183807439825,0.025684408589222593,Ayeyarwady,Myanaung,0.03536849910837723
MMR017012,0,5,0,9,1,0,0.008448098056793923,0,0.048076923076923087,0.014285714285714282,0,0.053571428571428575,0,0,0.04807692307692308,0.014285714285714285,0,0.01559065934065934,Ayeyarwady,Kyangin,0.008097406073449626
MMR017013,1,0,1,6,4,3,0.013674197230136067,0.00523560209424083,0,0.057142857142857134,0.003282275711159744,0.03571428571428572,0.028571428571428577,0.005235602094240838,0,0.05714285714285714,0.0032822757111597373,0.01641518373706443,Ayeyarwady,Ingapu,0.018811794368335754
MMR017014,0,5,3,13,2,0,0.0279205908202109,0,0.048076923076923087,0.028571428571428564,0,0.0773809523809524,0.08571428571428572,0,0.04807692307692308,0.02857142857142857,0,0.019162087912087913,Ayeyarwady,Myaungmya,0.04477213810866586
MMR017015,0,0,1,4,0,0,0.00729678884934477,0,0,0,0,0.02380952380952381,0.028571428571428577,0,0,0,0,0,Ayeyarwady,Einme,0.010985897214250261
MMR017016,0,5,1,4,2,2,0.013166767821722328,0,0.048076923076923087,0.028571428571428564,0.0021881838074398344,0.02380952380952381,0.028571428571428577,0,0.04807692307692308,0.02857142857142857,0.002188183807439825,0.01970913386394787,Ayeyarwady,Labutta,0.01751674105743676
MMR017017,1,2,1,12,1,1,0.014084202293803225,0.00523560209424083,0.019230769230769235,0.014285714285714282,0.0010940919037199172,0.07142857142857144,0.028571428571428577,0.005235602094240838,0.019230769230769232,0.014285714285714285,0.0010940919037199124,0.009961544378611065,Ayeyarwady,Wakema,0.025441315924547292
MMR017018,3,7,1,4,3,4,0.017917925173035004,0.015706806282722505,0.06730769230769232,0.04285714285714286,0.004376367614879653,0.02380952380952381,0.028571428571428577,0.015706806282722512,0.0673076923076923,0.04285714285714286,0.00437636761487965,0.03256200226560933,Ayeyarwady,Mawlamyinegyun,0.03120799012717158
MMR017019,2,17,2,35,10,12,0.052025286757885744,0.010471204188481667,0.16346153846153846,0.14285714285714285,0.01312910284463896,0.20833333333333334,0.05714285714285714,0.010471204188481676,0.16346153846153846,0.14285714285714285,0.01312910284463895,0.0824797470879505,Ayeyarwady,Maubin,0.08678996442647999
MMR017020,0,1,1,5,1,0,0.009515729658927167,0,0.009615384615384618,0.014285714285714282,0,0.02976190476190477,0.028571428571428577,0,0.009615384615384616,0.014285714285714285,0,0.005975274725274725,Ayeyarwady,Pantanaw,0.017475068018804087
MMR017021,0,7,1,7,4,1,0.017904738182386415,0,0.06730769230769232,0.057142857142857134,0.0010940919037199172,0.04166666666666667,0.028571428571428577,0,0.0673076923076923,0.05714285714285714,0.0010940919037199124,0.031386160338567344,Ayeyarwady,Nyaungdon,0.032464881630558363
MMR017022,0,4,1,2,1,1,0.010368051387240129,0,0.03846153846153847,0.014285714285714282,0.0010940919037199172,0.011904761904761906,0.028571428571428577,0,0.038461538461538464,0.014285714285714285,0.0010940919037199124,0.013460336162743164,Ayeyarwady,Danubyu,0.016270069483659118
MMR017023,0,16,2,10,5,5,0.03251937680494578,0,0.15384615384615388,0.07142857142857142,0.00547045951859957,0.05952380952380953,0.05714285714285714,0,0.15384615384615385,0.07142857142857142,0.005470459518599562,0.05768629619833121,Ayeyarwady,Pyapon,0.04901430802543087
MMR017024,3,9,0,12,2,3,0.016013745290213068,0.015706806282722505,0.08653846153846155,0.028571428571428564,0.003282275711159744,0.07142857142857144,0,0.015706806282722512,0.08653846153846154,0.02857142857142857,0.0032822757111597373,0.03352474302594309,Ayeyarwady,Bogale,0.014665462386977735
MMR017025,0,7,0,10,2,2,0.011624150695180618,0,0.06730769230769232,0.028571428571428564,0.0021881838074398344,0.05952380952380953,0,0,0.0673076923076923,0.02857142857142857,0.002188183807439825,0.024516826171640173,Ayeyarwady,Kyaiklat,0.012011026946543393
MMR017026,0,2,1,1,0,0,0.007331842190553692,0,0.019230769230769235,0,0,0.00595238095238096,0.028571428571428577,0,0.019230769230769232,0,0,0.004807692307692308,Ayeyarwady,Dedaye,0.009000971913218074
MMR018001,0,3,6,108,3,3,0.08649159268908005,0,0.02884615384615385,0.04285714285714286,0.003282275711159744,0.6428571428571429,0.17142857142857143,0,0.028846153846153848,0.04285714285714286,0.0032822757111597373,0.01874639310361411,Nay Pyi Taw,Zay Yar Thi Ri,0.12201222138042539
MMR018002,0,6,1,3,0,2,0.011201093221968439,0,0.0576923076923077,0,0.0021881838074398344,0.017857142857142867,0.028571428571428577,0,0.057692307692307696,0,0.002188183807439825,0.01497012287493688,Nay Pyi Taw,Za Bu Thi Ri,0.01782935336875328
MMR018003,0,6,1,3,1,1,0.012162833461247245,0,0.0576923076923077,0.014285714285714282,0.0010940919037199172,0.017857142857142867,0.028571428571428577,0,0.057692307692307696,0.014285714285714285,0.0010940919037199124,0.018268028470435474,Nay Pyi Taw,Tatkon,0.011019722261033683
MMR018004,1,0,0,1,2,0,0.003314778510532851,0.00523560209424083,0,0.028571428571428564,0,0.00595238095238096,0,0.005235602094240838,0,0.02857142857142857,0,0.008451757666417353,Nay Pyi Taw,Det Khi Na Thi Ri,0.006468808953822786
MMR018005,0,2,1,1,2,2,0.009814696435912332,0,0.019230769230769235,0.028571428571428564,0.0021881838074398344,0.00595238095238096,0.028571428571428577,0,0.019230769230769232,0.02857142857142857,0.002188183807439825,0.012497595402409406,Nay Pyi Taw,Poke Ba Thi Ri,0.015121300677484763
MMR018006,3,13,5,4,2,33,0.04708459143997238,0.015706806282722505,0.12500000000000003,0.028571428571428564,0.03610503282275712,0.02380952380952381,0.14285714285714285,0.015706806282722512,0.125,0.02857142857142857,0.036105032822757115,0.05134581691922705,Nay Pyi Taw,Pyinmana,0.06933016204890595
MMR018007,1,2,0,1,2,5,0.005368845609841704,0.00523560209424083,0.019230769230769235,0.028571428571428564,0.00547045951859957,0.00595238095238096,0,0.005235602094240838,0.019230769230769232,0.02857142857142857,0.005470459518599562,0.014627064853759551,Nay Pyi Taw,Lewe,0.009136327899819198
MMR018008,0,2,0,5,1,1,0.0047959379294846335,0,0.019230769230769235,0.014285714285714282,0.0010940919037199172,0.02976190476190477,0,0,0.019230769230769232,0.014285714285714285,0.0010940919037199124,0.008652643855050856,Nay Pyi Taw,Oke Ta Ra Thi Ri,0.010862258140369035
